INSERT INTO subjects VALUES (1, 'certificate'), (2, 'math'), (3, 'biology'), (4, 'geography'), (5, 'english'), (6, 'russian'), (7, 'history');
INSERT INTO UNIVERSITIES (id, NAME) VALUES (1, 'University#1');
INSERT INTO FACULTIES(id, INFORMATION, NAME, UNIVERSITIES_ID) VALUES (1, 'Faculty#1','Faculty#1',1), (2, 'Faculty#2','Faculty#2',1), (3, 'Faculty#3','Faculty#3',1), (4, 'Faculty#4','Faculty#4',1), (5, 'Faculty#5','Faculty#5',1), (6, 'Faculty#6','Faculty#6',1);
INSERT INTO groups(id, ENROLL_MARK, COUNT_OF_USERS, COUNT_OF_ALL_USERS, INFORMATION, VALID_TILL,COUNT,ISSUE_DATE, QUALIFY, FACULTIES_ID) VALUES (1,0,0,0,'group#1','2018-05-13',9,'2018-05-13','programmer',6), (2,0,0,0,'group#2','2018-05-13',3,'2018-05-13','programmer',4), (3,0,0,0,'group#3','2018-05-13',9,'2018-05-13','programmer',1), (4,0,0,0,'group#4','2018-05-13',10,'2018-05-13','programmer',6), (5,0,0,0,'group#5','2018-05-13',8,'2018-05-13','programmer',3), (6,0,0,0,'group#6','2018-05-13',9,'2018-05-13','programmer',6), (7,0,0,0,'group#7','2018-05-13',6,'2018-05-13','programmer',5), (8,0,0,0,'group#8','2018-05-13',9,'2018-05-13','programmer',5), (9,0,0,0,'group#9','2018-05-13',6,'2018-05-13','programmer',5), (10,0,0,0,'group#10','2018-05-13',5,'2018-05-13','programmer',1), (11,0,0,0,'group#11','2018-05-13',4,'2018-05-13','programmer',1), (12,0,0,0,'group#12','2018-05-13',9,'2018-05-13','programmer',1), (13,0,0,0,'group#13','2018-05-13',6,'2018-05-13','programmer',4), (14,0,0,0,'group#14','2018-05-13',4,'2018-05-13','programmer',4), (15,0,0,0,'group#15','2018-05-13',5,'2018-05-13','programmer',2), (16,0,0,0,'group#16','2018-05-13',9,'2018-05-13','programmer',5), (17,0,0,0,'group#17','2018-05-13',8,'2018-05-13','programmer',1), (18,0,0,0,'group#18','2018-05-13',4,'2018-05-13','programmer',4), (19,0,0,0,'group#19','2018-05-13',6,'2018-05-13','programmer',6), (20,0,0,0,'group#20','2018-05-13',3,'2018-05-13','programmer',4);
INSERT INTO groups_subjects(SUBJECTS_ID, GROUPS_ID)  VALUES (1,1), (6,1), (3,1), (1,2), (6,2), (7,2), (1,3), (7,3), (4,3), (1,4), (7,4), (2,4), (1,5), (4,5), (2,5), (1,6), (5,6), (6,6), (1,7), (3,7), (4,7), (1,8), (5,8), (4,8), (1,9), (5,9), (6,9), (1,10), (7,10), (3,10), (1,11), (3,11), (5,11), (1,12), (6,12), (5,12), (1,13), (6,13), (3,13), (1,14), (4,14), (3,14), (1,15), (6,15), (3,15), (1,16), (4,16), (2,16), (1,17), (3,17), (6,17), (1,18), (5,18), (7,18), (1,19), (5,19), (7,19), (1,20), (3,20), (4,20);
INSERT INTO users(id, name, lastname, patronymic, groups_id) VALUES (1,'Daniel','Scott','Wood',3), (2,'Zhenya','Scott','Brown',4), (3,'Zhenya','Wilson','Brown',17), (4,'Liam','Jones','Turner',2), (5,'Liam','Adams','Miller',7), (6,'Abby','Johnson','Green',9), (7,'Michael','Adams','Scott',8), (8,'Noah','Scott','Brown',1), (9,'Liam','Scott','Scott',2), (10,'Zhenya','Smith','Wilson',15), (11,'Zhenya','Jones','Wood',16), (12,'Benjamin','Johnson','Green',12), (13,'Lucas','Turner','Smith',10), (14,'Ethan','Miller','Scott',13), (15,'Oliver','Wilson','Smith',4), (16,'Abby','Brown','Miller',8), (17,'Abby','Turner','Green',19), (18,'Daniel','Miller','Brown',9), (19,'Ethan','Wilson','Green',10), (20,'Michael','Green','Johnson',17), (21,'Benjamin','Smith','Turner',14), (22,'Benjamin','Johnson','Jones',5), (23,'Abby','Green','Miller',6), (24,'Michael','Turner','Scott',7), (25,'Michael','Turner','Wood',7), (26,'Daniel','Scott','Green',17), (27,'Liam','Wilson','Green',20), (28,'Zhenya','Scott','Miller',7), (29,'Zhenya','Scott','Turner',19), (30,'Mark','Green','Brown',7), (31,'James','Smith','Brown',6), (32,'Noah','Adams','Green',12), (33,'Liam','Wood','Wood',19), (34,'Benjamin','Wood','Johnson',20), (35,'James','Green','Brown',13), (36,'Mark','Adams','Wood',20), (37,'Mark','Turner','Jones',9), (38,'Abby','Brown','Wood',14), (39,'Benjamin','Wilson','Smith',19), (40,'Mark','Wood','Jones',3), (41,'Lucas','Wilson','Brown',4), (42,'Lucas','Green','Brown',13), (43,'Mark','Miller','Adams',13), (44,'Oliver','Johnson','Scott',14), (45,'Daniel','Wood','Green',11), (46,'Michael','Turner','Turner',19), (47,'Ethan','Brown','Scott',6), (48,'James','Brown','Smith',3), (49,'Lucas','Jones','Wood',3), (50,'James','Smith','Adams',14), (51,'Daniel','Wood','Turner',17), (52,'Ethan','Smith','Wilson',20), (53,'Oliver','Jones','Wilson',16), (54,'Zhenya','Wilson','Brown',9), (55,'Ethan','Wood','Green',12), (56,'Oliver','Wilson','Jones',12), (57,'Liam','Adams','Smith',20), (58,'Daniel','Miller','Johnson',18), (59,'Daniel','Johnson','Miller',12), (60,'Noah','Brown','Smith',7), (61,'Mark','Wood','Wilson',5), (62,'Ethan','Wilson','Wood',19), (63,'Ethan','Smith','Green',12), (64,'Zhenya','Smith','Johnson',17), (65,'Lucas','Wilson','Miller',9), (66,'Liam','Miller','Green',8), (67,'Zhenya','Adams','Adams',1), (68,'Michael','Green','Smith',13), (69,'Mark','Wood','Green',12), (70,'Daniel','Miller','Adams',8), (71,'Ethan','Turner','Jones',3), (72,'James','Adams','Jones',5), (73,'Zhenya','Wilson','Scott',20), (74,'Benjamin','Brown','Green',9), (75,'Zhenya','Turner','Johnson',8), (76,'Liam','Johnson','Scott',15), (77,'Noah','Jones','Brown',3), (78,'Michael','Smith','Miller',20), (79,'Liam','Scott','Smith',15), (80,'Oliver','Wilson','Brown',11), (81,'Liam','Smith','Turner',9), (82,'Benjamin','Scott','Jones',5), (83,'Zhenya','Brown','Wilson',14), (84,'Daniel','Jones','Scott',20), (85,'Daniel','Miller','Scott',2), (86,'Abby','Wood','Miller',10), (87,'Michael','Scott','Turner',2), (88,'Daniel','Johnson','Scott',11), (89,'Daniel','Turner','Wilson',7), (90,'Mark','Smith','Scott',4), (91,'Noah','Turner','Miller',4), (92,'Daniel','Smith','Miller',7), (93,'Zhenya','Jones','Wood',6), (94,'Daniel','Scott','Smith',11), (95,'Noah','Adams','Wood',9), (96,'Noah','Johnson','Smith',11), (97,'Abby','Turner','Johnson',19), (98,'Noah','Scott','Miller',4), (99,'Michael','Johnson','Miller',17), (100,'Michael','Wilson','Turner',10), (101,'James','Johnson','Wood',6), (102,'Mark','Brown','Turner',17), (103,'Lucas','Brown','Wood',18), (104,'Michael','Green','Scott',19), (105,'Lucas','Green','Miller',10), (106,'Oliver','Miller','Miller',10), (107,'James','Smith','Johnson',18), (108,'Michael','Scott','Brown',7), (109,'Michael','Scott','Adams',7), (110,'Benjamin','Smith','Wilson',19), (111,'Liam','Brown','Johnson',9), (112,'Benjamin','Green','Wilson',16), (113,'Liam','Green','Green',9), (114,'Ethan','Smith','Adams',19), (115,'Lucas','Adams','Green',19), (116,'Oliver','Turner','Wood',13), (117,'James','Miller','Wood',2), (118,'Ethan','Scott','Wood',8), (119,'Lucas','Johnson','Jones',4), (120,'Noah','Green','Wood',19), (121,'Liam','Miller','Jones',8), (122,'Lucas','Miller','Wilson',11), (123,'Ethan','Smith','Brown',10), (124,'Noah','Johnson','Wood',12), (125,'Oliver','Turner','Wood',14), (126,'Daniel','Adams','Wilson',5), (127,'Abby','Brown','Miller',12), (128,'James','Wilson','Smith',4), (129,'Abby','Wood','Miller',14), (130,'Ethan','Brown','Johnson',11), (131,'Benjamin','Green','Smith',13), (132,'Mark','Miller','Wilson',7), (133,'Ethan','Wilson','Jones',6), (134,'Liam','Smith','Brown',1), (135,'Liam','Green','Miller',20), (136,'Michael','Adams','Brown',11), (137,'Mark','Green','Miller',12), (138,'Liam','Wood','Smith',14), (139,'Abby','Wilson','Miller',14), (140,'Daniel','Johnson','Wilson',7), (141,'Oliver','Jones','Turner',8), (142,'Lucas','Turner','Johnson',12), (143,'James','Wood','Jones',17), (144,'Abby','Smith','Adams',10), (145,'Liam','Wilson','Jones',20), (146,'Oliver','Wilson','Smith',13), (147,'Zhenya','Brown','Wood',10), (148,'Ethan','Wilson','Jones',16), (149,'Lucas','Scott','Brown',1), (150,'James','Miller','Miller',20), (151,'Abby','Turner','Adams',3), (152,'Zhenya','Brown','Green',20), (153,'Noah','Green','Smith',18), (154,'Abby','Scott','Brown',15), (155,'Benjamin','Brown','Wilson',2), (156,'Noah','Adams','Wilson',9), (157,'Benjamin','Smith','Scott',9), (158,'Abby','Wood','Turner',18), (159,'Noah','Johnson','Wilson',16), (160,'Zhenya','Wood','Turner',4), (161,'Noah','Smith','Scott',10), (162,'Lucas','Smith','Smith',4), (163,'Abby','Brown','Brown',5), (164,'Ethan','Turner','Johnson',1), (165,'Ethan','Smith','Smith',16), (166,'Zhenya','Scott','Johnson',3), (167,'Oliver','Miller','Adams',9), (168,'Mark','Turner','Wood',6), (169,'Oliver','Wilson','Scott',16), (170,'Lucas','Turner','Green',6), (171,'Oliver','Brown','Smith',3), (172,'Mark','Smith','Scott',8), (173,'Zhenya','Adams','Jones',10), (174,'Noah','Wilson','Green',9), (175,'Benjamin','Miller','Green',9), (176,'Ethan','Smith','Wilson',15), (177,'Mark','Adams','Jones',13), (178,'Daniel','Turner','Miller',15), (179,'Zhenya','Green','Smith',9), (180,'Lucas','Johnson','Turner',12), (181,'James','Green','Brown',15), (182,'Liam','Adams','Scott',11), (183,'Abby','Johnson','Jones',17), (184,'Mark','Wood','Turner',18), (185,'Mark','Adams','Jones',12), (186,'Ethan','Turner','Miller',9), (187,'Liam','Johnson','Wilson',16), (188,'Michael','Scott','Green',13), (189,'Abby','Johnson','Wood',9), (190,'Lucas','Wilson','Wilson',8), (191,'Benjamin','Scott','Brown',3), (192,'James','Wilson','Scott',4), (193,'Benjamin','Scott','Scott',5), (194,'James','Scott','Jones',18), (195,'Lucas','Wilson','Green',15), (196,'Ethan','Wilson','Turner',20), (197,'Michael','Wood','Adams',20), (198,'Benjamin','Smith','Miller',5), (199,'Abby','Wood','Wood',12), (200,'Zhenya','Green','Wilson',1), (201,'Ethan','Smith','Brown',4), (202,'Noah','Brown','Miller',10), (203,'Daniel','Jones','Brown',17), (204,'Benjamin','Wilson','Turner',4), (205,'James','Scott','Turner',8), (206,'Ethan','Jones','Green',6), (207,'James','Miller','Brown',5), (208,'Zhenya','Wilson','Brown',4), (209,'Mark','Turner','Green',18), (210,'Daniel','Brown','Scott',4), (211,'Mark','Turner','Miller',4), (212,'Oliver','Smith','Miller',13), (213,'Zhenya','Miller','Brown',7), (214,'Noah','Smith','Adams',20), (215,'Benjamin','Adams','Adams',18), (216,'Liam','Scott','Smith',6), (217,'Benjamin','Miller','Green',13), (218,'Ethan','Smith','Brown',3), (219,'Mark','Johnson','Jones',2), (220,'Lucas','Adams','Wood',10), (221,'Zhenya','Miller','Turner',4), (222,'Abby','Smith','Smith',4), (223,'Michael','Turner','Brown',19), (224,'Abby','Green','Johnson',1), (225,'Ethan','Wilson','Turner',18), (226,'Zhenya','Green','Miller',3), (227,'Oliver','Turner','Adams',12), (228,'Lucas','Turner','Smith',8), (229,'Oliver','Wilson','Brown',16), (230,'Michael','Jones','Johnson',12), (231,'James','Wilson','Scott',7), (232,'Liam','Turner','Green',20), (233,'Liam','Brown','Miller',13), (234,'Benjamin','Wilson','Miller',2), (235,'Abby','Scott','Johnson',1), (236,'Abby','Adams','Turner',19), (237,'Benjamin','Adams','Scott',10), (238,'Ethan','Jones','Scott',20), (239,'Liam','Scott','Brown',6), (240,'Zhenya','Wood','Wood',19), (241,'Abby','Smith','Jones',11), (242,'Oliver','Johnson','Green',5), (243,'Abby','Jones','Miller',20), (244,'James','Scott','Wood',4), (245,'Benjamin','Wilson','Miller',12), (246,'Mark','Wilson','Scott',3), (247,'Daniel','Johnson','Adams',6), (248,'Daniel','Wood','Miller',5), (249,'Abby','Green','Wood',3), (250,'Mark','Brown','Brown',4), (251,'Ethan','Brown','Adams',9), (252,'James','Green','Wood',2), (253,'Zhenya','Smith','Turner',15), (254,'James','Green','Smith',18), (255,'Liam','Jones','Turner',6), (256,'Zhenya','Turner','Johnson',8), (257,'Lucas','Wood','Smith',20), (258,'Liam','Wilson','Smith',2), (259,'Abby','Green','Brown',12), (260,'Daniel','Johnson','Green',16), (261,'Ethan','Miller','Wood',2), (262,'Liam','Smith','Wood',19), (263,'Mark','Wood','Wilson',8), (264,'Lucas','Brown','Turner',7), (265,'Liam','Scott','Miller',18), (266,'Michael','Jones','Miller',17), (267,'Oliver','Turner','Smith',15), (268,'Noah','Jones','Wilson',12), (269,'Daniel','Smith','Miller',8), (270,'Abby','Turner','Miller',8), (271,'Ethan','Turner','Adams',19), (272,'Benjamin','Wilson','Wilson',5), (273,'James','Adams','Wood',8), (274,'Abby','Green','Jones',13), (275,'Michael','Turner','Scott',2), (276,'Lucas','Smith','Green',18), (277,'Liam','Scott','Johnson',9), (278,'Ethan','Turner','Green',12), (279,'Benjamin','Brown','Brown',3), (280,'Ethan','Jones','Wilson',12), (281,'Liam','Miller','Brown',2), (282,'Benjamin','Jones','Green',9), (283,'Noah','Wood','Miller',16), (284,'Noah','Adams','Turner',16), (285,'Michael','Scott','Brown',5), (286,'Noah','Wood','Wood',6), (287,'Mark','Turner','Jones',17), (288,'Ethan','Scott','Smith',18), (289,'Michael','Johnson','Miller',8), (290,'Mark','Wilson','Wilson',17), (291,'Oliver','Scott','Johnson',12), (292,'Mark','Scott','Green',7), (293,'Lucas','Johnson','Adams',10), (294,'Ethan','Scott','Miller',8), (295,'Abby','Adams','Miller',4), (296,'Benjamin','Smith','Miller',20), (297,'Benjamin','Wood','Brown',15), (298,'Abby','Turner','Wood',18), (299,'Zhenya','Adams','Adams',17), (300,'Mark','Green','Green',14), (301,'Daniel','Wood','Green',5), (302,'Noah','Jones','Scott',5), (303,'Michael','Brown','Wood',9), (304,'Abby','Adams','Johnson',16), (305,'Noah','Brown','Brown',10), (306,'Ethan','Smith','Scott',11), (307,'Ethan','Brown','Brown',17), (308,'Zhenya','Green','Brown',2), (309,'Daniel','Wood','Wood',7), (310,'James','Wood','Johnson',4), (311,'Daniel','Johnson','Green',5), (312,'James','Brown','Jones',18), (313,'Daniel','Adams','Miller',19), (314,'Liam','Brown','Miller',5), (315,'Michael','Wood','Wilson',20), (316,'Michael','Adams','Jones',7), (317,'Mark','Jones','Miller',10), (318,'Abby','Turner','Brown',11), (319,'Benjamin','Green','Brown',11), (320,'Michael','Brown','Turner',14), (321,'Liam','Jones','Turner',10), (322,'Lucas','Scott','Adams',5), (323,'Benjamin','Scott','Wilson',15), (324,'Zhenya','Wilson','Wood',2), (325,'Noah','Smith','Green',17), (326,'Abby','Johnson','Green',2), (327,'Lucas','Wilson','Adams',18), (328,'Mark','Smith','Turner',10), (329,'Mark','Turner','Turner',3), (330,'Daniel','Jones','Green',3), (331,'Ethan','Smith','Adams',20), (332,'Liam','Johnson','Wilson',11), (333,'Lucas','Miller','Turner',8), (334,'Liam','Johnson','Wilson',11), (335,'Ethan','Wilson','Wilson',6), (336,'Noah','Turner','Brown',5), (337,'Lucas','Turner','Scott',3), (338,'Oliver','Turner','Miller',12), (339,'Daniel','Wilson','Miller',6), (340,'Zhenya','Johnson','Jones',9), (341,'Liam','Miller','Brown',11), (342,'Noah','Jones','Green',12), (343,'Noah','Scott','Johnson',14), (344,'Liam','Scott','Turner',14), (345,'Ethan','Johnson','Miller',12), (346,'Lucas','Wood','Jones',8), (347,'James','Johnson','Brown',12), (348,'Mark','Turner','Miller',17), (349,'Abby','Brown','Brown',18), (350,'Oliver','Johnson','Green',4), (351,'Liam','Turner','Johnson',16), (352,'James','Smith','Adams',15), (353,'Ethan','Johnson','Miller',6), (354,'Michael','Wilson','Green',1), (355,'Ethan','Green','Adams',11), (356,'Daniel','Adams','Miller',19), (357,'Mark','Johnson','Jones',1), (358,'Mark','Jones','Wood',1), (359,'Daniel','Adams','Brown',4), (360,'Oliver','Green','Scott',7), (361,'Noah','Wilson','Turner',18), (362,'Oliver','Jones','Johnson',7), (363,'Daniel','Brown','Johnson',18), (364,'Michael','Wood','Wood',14), (365,'Noah','Smith','Wood',9), (366,'Liam','Turner','Jones',13), (367,'Oliver','Brown','Miller',12), (368,'Lucas','Miller','Adams',7), (369,'Lucas','Brown','Smith',16), (370,'James','Adams','Wood',4), (371,'Lucas','Brown','Smith',16), (372,'Daniel','Miller','Scott',4), (373,'Lucas','Smith','Smith',5), (374,'Mark','Turner','Miller',7), (375,'Daniel','Wood','Brown',1), (376,'James','Wilson','Jones',7), (377,'James','Brown','Brown',8), (378,'Abby','Miller','Smith',7), (379,'James','Turner','Adams',3), (380,'Liam','Wilson','Turner',16), (381,'Oliver','Green','Johnson',5), (382,'Abby','Wood','Wilson',19), (383,'Benjamin','Adams','Green',11), (384,'Benjamin','Johnson','Scott',14), (385,'Noah','Green','Smith',20), (386,'Oliver','Wilson','Smith',18), (387,'Zhenya','Smith','Wood',14), (388,'Ethan','Green','Smith',15), (389,'Daniel','Miller','Wilson',15), (390,'Abby','Brown','Turner',10), (391,'Liam','Turner','Smith',8), (392,'Zhenya','Jones','Jones',9), (393,'Ethan','Green','Johnson',16), (394,'Zhenya','Turner','Turner',15), (395,'Mark','Wilson','Jones',4), (396,'Abby','Adams','Jones',17), (397,'Lucas','Johnson','Green',5), (398,'Michael','Adams','Wood',13), (399,'Lucas','Wilson','Scott',1), (400,'Ethan','Adams','Turner',9), (401,'Lucas','Miller','Scott',11), (402,'Oliver','Turner','Johnson',5), (403,'Noah','Jones','Jones',14), (404,'Oliver','Smith','Johnson',18), (405,'James','Miller','Smith',20), (406,'Liam','Johnson','Jones',5), (407,'Mark','Smith','Smith',10), (408,'Benjamin','Smith','Miller',8), (409,'Zhenya','Wood','Wilson',1), (410,'Benjamin','Smith','Turner',9), (411,'James','Miller','Green',8), (412,'Benjamin','Wilson','Miller',2), (413,'James','Turner','Jones',5), (414,'Ethan','Wilson','Wood',18), (415,'Ethan','Turner','Jones',10), (416,'Abby','Turner','Brown',8), (417,'Daniel','Smith','Adams',5), (418,'Zhenya','Johnson','Miller',9), (419,'James','Wilson','Smith',17), (420,'Michael','Brown','Brown',9), (421,'Abby','Smith','Turner',15), (422,'Oliver','Turner','Smith',12), (423,'Zhenya','Miller','Johnson',12), (424,'Lucas','Wilson','Scott',3), (425,'Mark','Miller','Adams',3), (426,'Ethan','Johnson','Adams',18), (427,'Ethan','Jones','Turner',16), (428,'Liam','Green','Jones',2), (429,'Daniel','Green','Brown',20), (430,'Benjamin','Scott','Turner',19), (431,'Ethan','Brown','Green',11), (432,'Lucas','Scott','Wood',12), (433,'Zhenya','Adams','Scott',20), (434,'James','Adams','Scott',3), (435,'Lucas','Wilson','Smith',13), (436,'Mark','Scott','Green',16), (437,'Zhenya','Green','Smith',10), (438,'Michael','Wilson','Johnson',12), (439,'Abby','Johnson','Scott',11), (440,'Oliver','Miller','Miller',17), (441,'Noah','Turner','Wood',2), (442,'Zhenya','Miller','Green',16), (443,'Abby','Green','Brown',15), (444,'Benjamin','Scott','Miller',2), (445,'Mark','Turner','Wood',16), (446,'Benjamin','Scott','Adams',14), (447,'Ethan','Miller','Wood',3), (448,'Ethan','Johnson','Smith',12), (449,'Liam','Wilson','Scott',8), (450,'Michael','Turner','Jones',14), (451,'Ethan','Adams','Adams',9), (452,'Ethan','Johnson','Miller',15), (453,'Daniel','Wood','Johnson',1), (454,'Ethan','Miller','Johnson',13), (455,'Mark','Adams','Johnson',16), (456,'Oliver','Scott','Green',3), (457,'Abby','Miller','Adams',5), (458,'Benjamin','Scott','Turner',15), (459,'James','Johnson','Brown',14), (460,'Lucas','Brown','Wilson',14), (461,'Abby','Adams','Wood',9), (462,'Mark','Smith','Wilson',20), (463,'Daniel','Jones','Wood',6), (464,'Benjamin','Green','Smith',3), (465,'Liam','Smith','Johnson',10), (466,'Mark','Johnson','Brown',10), (467,'Liam','Adams','Brown',2), (468,'James','Jones','Miller',18), (469,'James','Scott','Wood',13), (470,'Lucas','Adams','Jones',2), (471,'Liam','Wilson','Wilson',5), (472,'Zhenya','Adams','Green',2), (473,'Noah','Adams','Brown',7), (474,'Benjamin','Adams','Smith',2), (475,'Abby','Wood','Miller',9), (476,'Liam','Turner','Wood',3), (477,'Oliver','Miller','Wilson',8), (478,'Mark','Green','Adams',15), (479,'Noah','Jones','Turner',15), (480,'Michael','Wilson','Green',2), (481,'Michael','Scott','Jones',3), (482,'Ethan','Scott','Wood',1), (483,'Zhenya','Brown','Miller',15), (484,'Ethan','Miller','Johnson',15), (485,'Benjamin','Johnson','Brown',9), (486,'James','Miller','Smith',9), (487,'Michael','Adams','Smith',16), (488,'Benjamin','Jones','Green',3), (489,'Michael','Miller','Green',5), (490,'Benjamin','Miller','Brown',17), (491,'Zhenya','Jones','Smith',13), (492,'Zhenya','Miller','Green',10), (493,'Abby','Green','Scott',9), (494,'Ethan','Johnson','Jones',17), (495,'Michael','Adams','Johnson',16), (496,'Liam','Brown','Wood',12), (497,'James','Brown','Miller',13), (498,'Ethan','Adams','Scott',4), (499,'Liam','Adams','Turner',6), (500,'Benjamin','Wood','Adams',3), (501,'Oliver','Turner','Scott',15), (502,'Benjamin','Smith','Johnson',15), (503,'Lucas','Scott','Jones',12), (504,'Ethan','Turner','Wilson',6), (505,'Ethan','Wood','Miller',10), (506,'Liam','Miller','Green',3), (507,'James','Green','Jones',17), (508,'Mark','Turner','Wilson',4), (509,'James','Wilson','Turner',19), (510,'Mark','Adams','Green',11), (511,'Liam','Brown','Scott',16), (512,'Michael','Adams','Brown',12), (513,'Ethan','Green','Wilson',19), (514,'Zhenya','Miller','Wilson',5), (515,'Michael','Green','Smith',20), (516,'Benjamin','Scott','Scott',5), (517,'Liam','Jones','Miller',12), (518,'Ethan','Jones','Johnson',20), (519,'Lucas','Wood','Turner',4), (520,'Liam','Turner','Wood',13), (521,'Oliver','Miller','Wood',15), (522,'Daniel','Scott','Green',12), (523,'Abby','Johnson','Wilson',8), (524,'Benjamin','Scott','Wilson',12), (525,'Oliver','Adams','Smith',8), (526,'Noah','Jones','Miller',6), (527,'James','Adams','Miller',14), (528,'Noah','Miller','Turner',13), (529,'Benjamin','Green','Smith',4), (530,'Liam','Brown','Wood',13), (531,'Mark','Johnson','Wilson',2), (532,'Oliver','Johnson','Smith',9), (533,'James','Wilson','Miller',11), (534,'James','Johnson','Turner',1), (535,'Mark','Green','Wilson',9), (536,'Liam','Jones','Miller',10), (537,'Lucas','Adams','Miller',5), (538,'Benjamin','Miller','Wood',19), (539,'Daniel','Jones','Green',11), (540,'Abby','Smith','Jones',6), (541,'Benjamin','Jones','Turner',8), (542,'Daniel','Green','Smith',15), (543,'Abby','Smith','Green',4), (544,'Abby','Adams','Turner',3), (545,'Zhenya','Green','Jones',8), (546,'Noah','Wilson','Scott',2), (547,'Noah','Green','Turner',5), (548,'Daniel','Wood','Wood',11), (549,'Abby','Brown','Green',8), (550,'Zhenya','Wood','Wilson',5), (551,'Oliver','Jones','Adams',3), (552,'James','Adams','Brown',15), (553,'Noah','Johnson','Green',16), (554,'Abby','Jones','Green',10), (555,'Abby','Wood','Scott',20), (556,'Daniel','Brown','Green',9), (557,'Oliver','Miller','Brown',19), (558,'Ethan','Wood','Smith',8), (559,'Oliver','Miller','Scott',1), (560,'James','Miller','Wilson',18), (561,'Oliver','Johnson','Adams',17), (562,'Mark','Wilson','Adams',6), (563,'Abby','Miller','Adams',16), (564,'Liam','Wood','Jones',5), (565,'Lucas','Scott','Turner',18), (566,'Oliver','Miller','Adams',20), (567,'Liam','Johnson','Brown',19), (568,'Lucas','Brown','Miller',17), (569,'Daniel','Green','Green',6), (570,'Michael','Wilson','Brown',6), (571,'Noah','Scott','Green',8), (572,'Lucas','Turner','Smith',15), (573,'Abby','Wilson','Green',2), (574,'Abby','Scott','Brown',6), (575,'Noah','Green','Wood',8), (576,'Daniel','Turner','Scott',15), (577,'Abby','Jones','Adams',14), (578,'Oliver','Green','Wood',16), (579,'Benjamin','Brown','Johnson',1), (580,'Daniel','Brown','Johnson',9), (581,'Daniel','Turner','Scott',6), (582,'Ethan','Turner','Wilson',20), (583,'Abby','Jones','Wood',6), (584,'Abby','Miller','Miller',17), (585,'Liam','Smith','Turner',14), (586,'Mark','Brown','Scott',12), (587,'Oliver','Wood','Wilson',5), (588,'Daniel','Brown','Turner',19), (589,'Zhenya','Scott','Brown',12), (590,'Liam','Scott','Wood',18), (591,'Michael','Wilson','Brown',14), (592,'Benjamin','Green','Wood',5), (593,'Michael','Wilson','Miller',2), (594,'James','Wilson','Adams',2), (595,'Zhenya','Smith','Smith',20), (596,'Lucas','Jones','Adams',18), (597,'Benjamin','Wilson','Wilson',20), (598,'Mark','Turner','Smith',5), (599,'Noah','Brown','Adams',9), (600,'Mark','Miller','Turner',15), (601,'Mark','Wilson','Miller',7), (602,'Zhenya','Brown','Turner',19), (603,'Liam','Johnson','Adams',5), (604,'Oliver','Miller','Jones',18), (605,'Daniel','Wood','Wood',10), (606,'Abby','Brown','Turner',9), (607,'Lucas','Wood','Brown',2), (608,'Zhenya','Adams','Wilson',18), (609,'Zhenya','Brown','Green',8), (610,'Ethan','Green','Wilson',20), (611,'Abby','Jones','Turner',9), (612,'Lucas','Wood','Brown',10), (613,'Zhenya','Wood','Wood',20), (614,'Oliver','Brown','Green',16), (615,'Oliver','Brown','Brown',16), (616,'Abby','Wilson','Wilson',20), (617,'Noah','Smith','Turner',13), (618,'Oliver','Jones','Brown',14), (619,'Liam','Miller','Turner',15), (620,'Oliver','Brown','Turner',13), (621,'Lucas','Jones','Miller',5), (622,'Liam','Brown','Turner',19), (623,'Michael','Johnson','Smith',15), (624,'Liam','Scott','Jones',18), (625,'Noah','Wood','Jones',15), (626,'Benjamin','Smith','Adams',4), (627,'Oliver','Brown','Smith',13), (628,'Lucas','Scott','Smith',16), (629,'Abby','Brown','Jones',19), (630,'Benjamin','Scott','Wilson',1), (631,'Noah','Wilson','Miller',19), (632,'Benjamin','Miller','Wilson',17), (633,'Liam','Jones','Green',5), (634,'Zhenya','Scott','Turner',10), (635,'Ethan','Johnson','Adams',15), (636,'Michael','Turner','Adams',19), (637,'James','Turner','Scott',8), (638,'Michael','Smith','Smith',17), (639,'Daniel','Wood','Smith',13), (640,'Mark','Turner','Miller',3), (641,'Oliver','Wilson','Wilson',2), (642,'Liam','Wood','Adams',14), (643,'Noah','Miller','Miller',9), (644,'Daniel','Green','Smith',4), (645,'Ethan','Scott','Wilson',1), (646,'Abby','Scott','Johnson',18), (647,'Ethan','Miller','Wood',13), (648,'James','Johnson','Green',9), (649,'Michael','Smith','Scott',1), (650,'Benjamin','Miller','Turner',5), (651,'Abby','Scott','Adams',12), (652,'Daniel','Brown','Brown',6), (653,'Mark','Scott','Johnson',9), (654,'Lucas','Turner','Brown',10), (655,'Lucas','Turner','Jones',10), (656,'Ethan','Wilson','Green',20), (657,'Liam','Jones','Johnson',19), (658,'Benjamin','Wood','Adams',15), (659,'Liam','Jones','Scott',5), (660,'Ethan','Johnson','Jones',8), (661,'Lucas','Smith','Jones',6), (662,'Ethan','Turner','Johnson',16), (663,'Zhenya','Smith','Wood',7), (664,'Oliver','Johnson','Smith',6), (665,'Mark','Jones','Wood',1), (666,'James','Adams','Green',16), (667,'Michael','Adams','Green',8), (668,'Ethan','Turner','Scott',3), (669,'Mark','Johnson','Johnson',10), (670,'Benjamin','Miller','Turner',14), (671,'Benjamin','Smith','Wood',11), (672,'James','Miller','Brown',20), (673,'Mark','Green','Green',5), (674,'Michael','Jones','Brown',11), (675,'Daniel','Adams','Adams',2), (676,'Noah','Wilson','Johnson',7), (677,'Noah','Scott','Miller',20), (678,'James','Smith','Turner',1), (679,'Zhenya','Brown','Green',19), (680,'Lucas','Miller','Smith',10), (681,'Zhenya','Adams','Smith',7), (682,'Liam','Miller','Miller',13), (683,'Liam','Turner','Turner',18), (684,'Lucas','Green','Wood',1), (685,'Noah','Brown','Jones',8), (686,'Mark','Jones','Jones',19), (687,'Liam','Wood','Johnson',4), (688,'Lucas','Brown','Green',8), (689,'Mark','Wood','Green',1), (690,'Noah','Scott','Miller',12), (691,'Zhenya','Green','Turner',14), (692,'Liam','Turner','Adams',7), (693,'Lucas','Miller','Wilson',8), (694,'Benjamin','Smith','Smith',9), (695,'Zhenya','Wilson','Adams',17), (696,'Liam','Adams','Jones',5), (697,'Michael','Smith','Brown',10), (698,'Ethan','Turner','Wilson',12), (699,'James','Wilson','Wood',5), (700,'Lucas','Wilson','Brown',3), (701,'Zhenya','Wood','Brown',12), (702,'Michael','Wood','Green',11), (703,'Noah','Brown','Green',1), (704,'Lucas','Wilson','Brown',17), (705,'Noah','Johnson','Jones',6), (706,'Lucas','Smith','Johnson',18), (707,'Ethan','Adams','Wood',16), (708,'Mark','Scott','Wood',4), (709,'Abby','Turner','Adams',14), (710,'Ethan','Miller','Scott',4), (711,'Liam','Miller','Wilson',19), (712,'Benjamin','Wilson','Green',16), (713,'Lucas','Turner','Wood',12), (714,'Oliver','Scott','Smith',7), (715,'Zhenya','Turner','Wilson',16), (716,'Mark','Smith','Wood',17), (717,'Oliver','Green','Smith',17), (718,'Zhenya','Turner','Green',17), (719,'Benjamin','Wood','Wilson',13), (720,'Zhenya','Johnson','Miller',8), (721,'Michael','Wilson','Wood',7), (722,'Daniel','Adams','Wilson',14), (723,'Oliver','Wilson','Green',1), (724,'Daniel','Scott','Miller',10), (725,'Oliver','Scott','Green',5), (726,'Zhenya','Smith','Miller',16), (727,'Noah','Miller','Green',10), (728,'Ethan','Miller','Jones',2), (729,'Zhenya','Scott','Turner',2), (730,'Lucas','Adams','Scott',13), (731,'Zhenya','Miller','Wood',4), (732,'Oliver','Smith','Smith',8), (733,'Zhenya','Brown','Green',5), (734,'Ethan','Miller','Brown',6), (735,'Benjamin','Johnson','Smith',14), (736,'Daniel','Wilson','Miller',7), (737,'James','Wilson','Turner',6), (738,'Daniel','Wilson','Miller',1), (739,'Daniel','Brown','Miller',12), (740,'Ethan','Scott','Smith',17), (741,'Noah','Miller','Johnson',9), (742,'Daniel','Miller','Wood',19), (743,'Mark','Green','Adams',4), (744,'Daniel','Turner','Jones',1), (745,'Daniel','Miller','Brown',4), (746,'James','Turner','Jones',1), (747,'Oliver','Brown','Green',8), (748,'Lucas','Jones','Jones',10), (749,'Daniel','Johnson','Smith',12), (750,'Ethan','Johnson','Green',1), (751,'Lucas','Adams','Brown',13), (752,'Daniel','Turner','Green',1), (753,'Liam','Miller','Green',3), (754,'Daniel','Turner','Brown',3), (755,'Ethan','Brown','Brown',10), (756,'Michael','Wood','Johnson',3), (757,'Mark','Wilson','Smith',7), (758,'Ethan','Wilson','Turner',12), (759,'Daniel','Jones','Jones',1), (760,'Abby','Wood','Smith',20), (761,'Mark','Brown','Turner',3), (762,'Ethan','Turner','Adams',1), (763,'Zhenya','Jones','Smith',3), (764,'Liam','Turner','Smith',2), (765,'Michael','Johnson','Brown',8), (766,'Liam','Adams','Johnson',9), (767,'Liam','Jones','Smith',10), (768,'Mark','Wood','Adams',8), (769,'Daniel','Smith','Miller',10), (770,'Mark','Jones','Adams',13), (771,'Benjamin','Miller','Wood',2), (772,'Liam','Adams','Wood',6), (773,'Michael','Johnson','Green',12), (774,'Noah','Scott','Scott',7), (775,'Oliver','Wilson','Jones',14), (776,'Benjamin','Scott','Turner',5), (777,'Zhenya','Jones','Jones',15), (778,'Liam','Smith','Johnson',6), (779,'Abby','Miller','Johnson',20), (780,'Oliver','Smith','Johnson',9), (781,'Abby','Adams','Brown',18), (782,'Zhenya','Wood','Johnson',8), (783,'Noah','Wilson','Wilson',7), (784,'Lucas','Wilson','Green',6), (785,'Mark','Green','Brown',6), (786,'Michael','Turner','Smith',4), (787,'Daniel','Smith','Brown',12), (788,'Ethan','Brown','Jones',14), (789,'Ethan','Turner','Miller',3), (790,'Oliver','Adams','Jones',11), (791,'Zhenya','Adams','Wood',18), (792,'Oliver','Wood','Jones',13), (793,'Liam','Smith','Wood',4), (794,'Daniel','Miller','Wilson',7), (795,'Benjamin','Smith','Jones',20), (796,'Michael','Adams','Jones',18), (797,'Michael','Johnson','Smith',8), (798,'Noah','Wood','Johnson',6), (799,'James','Green','Wood',3), (800,'Lucas','Wood','Miller',16), (801,'Zhenya','Brown','Adams',4), (802,'Noah','Johnson','Green',8), (803,'Mark','Wood','Jones',18), (804,'James','Adams','Jones',19), (805,'Ethan','Turner','Turner',4), (806,'Zhenya','Johnson','Turner',1), (807,'Ethan','Turner','Johnson',16), (808,'Lucas','Adams','Wilson',3), (809,'Daniel','Jones','Green',11), (810,'Daniel','Adams','Smith',17), (811,'Oliver','Smith','Wilson',4), (812,'James','Miller','Brown',12), (813,'Oliver','Green','Brown',9), (814,'Noah','Turner','Green',2), (815,'Lucas','Miller','Adams',12), (816,'Noah','Johnson','Turner',2), (817,'Oliver','Turner','Turner',8), (818,'Noah','Brown','Turner',16), (819,'Zhenya','Jones','Jones',14), (820,'Abby','Wood','Miller',14), (821,'Lucas','Wilson','Brown',14), (822,'Liam','Miller','Wilson',4), (823,'Daniel','Smith','Green',19), (824,'Michael','Green','Turner',14), (825,'Daniel','Turner','Johnson',1), (826,'Ethan','Wilson','Brown',17), (827,'Michael','Miller','Adams',16), (828,'James','Wilson','Green',3), (829,'Abby','Miller','Miller',2), (830,'Mark','Brown','Adams',15), (831,'Michael','Brown','Brown',20), (832,'Michael','Wilson','Wood',15), (833,'Michael','Wood','Johnson',1), (834,'Oliver','Wood','Scott',18), (835,'Abby','Scott','Turner',9), (836,'Daniel','Green','Adams',1), (837,'James','Brown','Smith',2), (838,'Michael','Wood','Miller',20), (839,'Mark','Adams','Jones',19), (840,'Ethan','Turner','Turner',17), (841,'Liam','Miller','Johnson',18), (842,'Liam','Green','Green',7), (843,'Noah','Scott','Smith',6), (844,'Lucas','Adams','Wilson',7), (845,'Lucas','Turner','Jones',1), (846,'Benjamin','Johnson','Johnson',5), (847,'Ethan','Scott','Green',15), (848,'Benjamin','Miller','Green',5), (849,'Michael','Johnson','Turner',17), (850,'Daniel','Turner','Jones',3), (851,'Daniel','Scott','Johnson',11), (852,'Noah','Brown','Scott',1), (853,'Abby','Adams','Johnson',18), (854,'Michael','Miller','Adams',10), (855,'Benjamin','Turner','Brown',6), (856,'Michael','Johnson','Scott',4), (857,'Mark','Green','Turner',6), (858,'Abby','Turner','Wood',17), (859,'Noah','Turner','Brown',9), (860,'Zhenya','Turner','Wood',5), (861,'Mark','Jones','Brown',17), (862,'Benjamin','Johnson','Wood',8), (863,'Noah','Brown','Brown',3), (864,'Mark','Wilson','Miller',6), (865,'Daniel','Johnson','Turner',10), (866,'Liam','Brown','Brown',4), (867,'Abby','Brown','Smith',7), (868,'Michael','Green','Adams',6), (869,'Zhenya','Scott','Wilson',1), (870,'Mark','Turner','Adams',10), (871,'Abby','Miller','Wood',12), (872,'Abby','Turner','Scott',3), (873,'Michael','Miller','Johnson',8), (874,'Lucas','Brown','Jones',9), (875,'Liam','Jones','Johnson',4), (876,'Abby','Wood','Miller',18), (877,'Benjamin','Wood','Wilson',19), (878,'Ethan','Smith','Green',18), (879,'James','Johnson','Adams',7), (880,'Zhenya','Turner','Johnson',20), (881,'Liam','Scott','Johnson',2), (882,'Benjamin','Brown','Wood',17), (883,'Noah','Brown','Adams',15), (884,'Zhenya','Turner','Scott',17), (885,'Abby','Wilson','Scott',16), (886,'Oliver','Wilson','Adams',16), (887,'Daniel','Johnson','Turner',6), (888,'Lucas','Jones','Miller',3), (889,'Liam','Jones','Wilson',3), (890,'James','Smith','Jones',8), (891,'Liam','Wood','Turner',15), (892,'Benjamin','Adams','Wood',18), (893,'Zhenya','Jones','Wilson',20), (894,'Abby','Smith','Turner',10), (895,'Benjamin','Miller','Adams',17), (896,'Zhenya','Miller','Wilson',2), (897,'Ethan','Adams','Turner',6), (898,'James','Wilson','Wood',6), (899,'Benjamin','Miller','Brown',12), (900,'Noah','Adams','Jones',16), (901,'Benjamin','Wilson','Green',1), (902,'Mark','Adams','Green',5), (903,'Daniel','Green','Johnson',19), (904,'James','Scott','Wood',11), (905,'Zhenya','Jones','Smith',19), (906,'Benjamin','Smith','Jones',10), (907,'Abby','Johnson','Brown',4), (908,'Lucas','Green','Turner',15), (909,'Noah','Adams','Miller',10), (910,'Benjamin','Miller','Jones',9), (911,'Zhenya','Green','Adams',7), (912,'Lucas','Wilson','Johnson',8), (913,'Zhenya','Adams','Adams',5), (914,'Oliver','Scott','Wood',11), (915,'Noah','Johnson','Turner',16), (916,'Benjamin','Johnson','Adams',20), (917,'Noah','Smith','Wood',13), (918,'Lucas','Smith','Turner',4), (919,'Oliver','Wood','Scott',19), (920,'Ethan','Adams','Brown',6), (921,'Mark','Jones','Smith',1), (922,'Abby','Miller','Scott',12), (923,'Abby','Wood','Turner',14), (924,'Zhenya','Johnson','Wilson',9), (925,'Lucas','Wilson','Brown',14), (926,'Lucas','Scott','Smith',17), (927,'James','Scott','Scott',4), (928,'Lucas','Green','Smith',12), (929,'Liam','Johnson','Smith',17), (930,'Mark','Brown','Brown',16), (931,'Noah','Smith','Brown',17), (932,'Zhenya','Scott','Wilson',6), (933,'Liam','Brown','Scott',17), (934,'Lucas','Wilson','Turner',4), (935,'James','Smith','Wood',17), (936,'Benjamin','Green','Brown',14), (937,'Daniel','Adams','Adams',12), (938,'Lucas','Smith','Scott',5), (939,'Liam','Smith','Jones',17), (940,'Daniel','Brown','Brown',13), (941,'Michael','Smith','Miller',16), (942,'Oliver','Jones','Scott',5), (943,'James','Scott','Wood',16), (944,'Daniel','Wood','Wilson',7), (945,'Michael','Miller','Miller',6), (946,'Liam','Miller','Wood',20), (947,'Oliver','Johnson','Miller',6), (948,'Lucas','Wilson','Brown',20), (949,'James','Miller','Smith',17), (950,'Daniel','Scott','Johnson',1), (951,'Liam','Green','Wood',4), (952,'Mark','Brown','Miller',2), (953,'Ethan','Adams','Turner',6), (954,'James','Wood','Smith',1), (955,'Michael','Smith','Miller',16), (956,'Zhenya','Green','Wilson',1), (957,'James','Miller','Smith',16), (958,'Noah','Brown','Miller',17), (959,'Liam','Scott','Green',19), (960,'Lucas','Green','Brown',1), (961,'James','Wood','Jones',12), (962,'Noah','Smith','Jones',19), (963,'Liam','Johnson','Wood',19), (964,'Michael','Wilson','Turner',2), (965,'Daniel','Smith','Smith',1), (966,'Lucas','Turner','Turner',6), (967,'Mark','Green','Miller',2), (968,'Michael','Wood','Scott',9), (969,'Liam','Turner','Wilson',5), (970,'Michael','Smith','Jones',13), (971,'Oliver','Turner','Miller',8), (972,'Daniel','Turner','Brown',10), (973,'Daniel','Miller','Smith',14), (974,'Ethan','Johnson','Turner',15), (975,'Abby','Jones','Wood',3), (976,'James','Wood','Smith',14), (977,'Michael','Adams','Turner',12), (978,'Ethan','Wood','Scott',15), (979,'Oliver','Miller','Wilson',4), (980,'Oliver','Adams','Adams',11), (981,'Daniel','Turner','Jones',19), (982,'Daniel','Brown','Miller',1), (983,'Ethan','Scott','Johnson',5), (984,'Ethan','Miller','Adams',18), (985,'Noah','Green','Jones',9), (986,'Oliver','Johnson','Adams',12), (987,'Mark','Miller','Jones',7), (988,'Noah','Johnson','Wood',7), (989,'Liam','Wilson','Wilson',20), (990,'Daniel','Scott','Miller',16), (991,'Benjamin','Wood','Turner',12), (992,'James','Smith','Adams',13), (993,'Benjamin','Brown','Wood',1), (994,'James','Adams','Wood',11), (995,'Benjamin','Adams','Wood',1), (996,'Lucas','Smith','Adams',12), (997,'Noah','Jones','Wood',4), (998,'Mark','Turner','Turner',12), (999,'Benjamin','Jones','Scott',16), (1000,'Daniel','Jones','Scott',4);
INSERT INTO user_information (id, email, nickname, password) VALUES (1,'email_1@gmail.com','nickname_1','password_1'), (2,'email_2@gmail.com','nickname_2','password_2'), (3,'email_3@gmail.com','nickname_3','password_3'), (4,'email_4@gmail.com','nickname_4','password_4'), (5,'email_5@gmail.com','nickname_5','password_5'), (6,'email_6@gmail.com','nickname_6','password_6'), (7,'email_7@gmail.com','nickname_7','password_7'), (8,'email_8@gmail.com','nickname_8','password_8'), (9,'email_9@gmail.com','nickname_9','password_9'), (10,'email_10@gmail.com','nickname_10','password_10'), (11,'email_11@gmail.com','nickname_11','password_11'), (12,'email_12@gmail.com','nickname_12','password_12'), (13,'email_13@gmail.com','nickname_13','password_13'), (14,'email_14@gmail.com','nickname_14','password_14'), (15,'email_15@gmail.com','nickname_15','password_15'), (16,'email_16@gmail.com','nickname_16','password_16'), (17,'email_17@gmail.com','nickname_17','password_17'), (18,'email_18@gmail.com','nickname_18','password_18'), (19,'email_19@gmail.com','nickname_19','password_19'), (20,'email_20@gmail.com','nickname_20','password_20'), (21,'email_21@gmail.com','nickname_21','password_21'), (22,'email_22@gmail.com','nickname_22','password_22'), (23,'email_23@gmail.com','nickname_23','password_23'), (24,'email_24@gmail.com','nickname_24','password_24'), (25,'email_25@gmail.com','nickname_25','password_25'), (26,'email_26@gmail.com','nickname_26','password_26'), (27,'email_27@gmail.com','nickname_27','password_27'), (28,'email_28@gmail.com','nickname_28','password_28'), (29,'email_29@gmail.com','nickname_29','password_29'), (30,'email_30@gmail.com','nickname_30','password_30'), (31,'email_31@gmail.com','nickname_31','password_31'), (32,'email_32@gmail.com','nickname_32','password_32'), (33,'email_33@gmail.com','nickname_33','password_33'), (34,'email_34@gmail.com','nickname_34','password_34'), (35,'email_35@gmail.com','nickname_35','password_35'), (36,'email_36@gmail.com','nickname_36','password_36'), (37,'email_37@gmail.com','nickname_37','password_37'), (38,'email_38@gmail.com','nickname_38','password_38'), (39,'email_39@gmail.com','nickname_39','password_39'), (40,'email_40@gmail.com','nickname_40','password_40'), (41,'email_41@gmail.com','nickname_41','password_41'), (42,'email_42@gmail.com','nickname_42','password_42'), (43,'email_43@gmail.com','nickname_43','password_43'), (44,'email_44@gmail.com','nickname_44','password_44'), (45,'email_45@gmail.com','nickname_45','password_45'), (46,'email_46@gmail.com','nickname_46','password_46'), (47,'email_47@gmail.com','nickname_47','password_47'), (48,'email_48@gmail.com','nickname_48','password_48'), (49,'email_49@gmail.com','nickname_49','password_49'), (50,'email_50@gmail.com','nickname_50','password_50'), (51,'email_51@gmail.com','nickname_51','password_51'), (52,'email_52@gmail.com','nickname_52','password_52'), (53,'email_53@gmail.com','nickname_53','password_53'), (54,'email_54@gmail.com','nickname_54','password_54'), (55,'email_55@gmail.com','nickname_55','password_55'), (56,'email_56@gmail.com','nickname_56','password_56'), (57,'email_57@gmail.com','nickname_57','password_57'), (58,'email_58@gmail.com','nickname_58','password_58'), (59,'email_59@gmail.com','nickname_59','password_59'), (60,'email_60@gmail.com','nickname_60','password_60'), (61,'email_61@gmail.com','nickname_61','password_61'), (62,'email_62@gmail.com','nickname_62','password_62'), (63,'email_63@gmail.com','nickname_63','password_63'), (64,'email_64@gmail.com','nickname_64','password_64'), (65,'email_65@gmail.com','nickname_65','password_65'), (66,'email_66@gmail.com','nickname_66','password_66'), (67,'email_67@gmail.com','nickname_67','password_67'), (68,'email_68@gmail.com','nickname_68','password_68'), (69,'email_69@gmail.com','nickname_69','password_69'), (70,'email_70@gmail.com','nickname_70','password_70'), (71,'email_71@gmail.com','nickname_71','password_71'), (72,'email_72@gmail.com','nickname_72','password_72'), (73,'email_73@gmail.com','nickname_73','password_73'), (74,'email_74@gmail.com','nickname_74','password_74'), (75,'email_75@gmail.com','nickname_75','password_75'), (76,'email_76@gmail.com','nickname_76','password_76'), (77,'email_77@gmail.com','nickname_77','password_77'), (78,'email_78@gmail.com','nickname_78','password_78'), (79,'email_79@gmail.com','nickname_79','password_79'), (80,'email_80@gmail.com','nickname_80','password_80'), (81,'email_81@gmail.com','nickname_81','password_81'), (82,'email_82@gmail.com','nickname_82','password_82'), (83,'email_83@gmail.com','nickname_83','password_83'), (84,'email_84@gmail.com','nickname_84','password_84'), (85,'email_85@gmail.com','nickname_85','password_85'), (86,'email_86@gmail.com','nickname_86','password_86'), (87,'email_87@gmail.com','nickname_87','password_87'), (88,'email_88@gmail.com','nickname_88','password_88'), (89,'email_89@gmail.com','nickname_89','password_89'), (90,'email_90@gmail.com','nickname_90','password_90'), (91,'email_91@gmail.com','nickname_91','password_91'), (92,'email_92@gmail.com','nickname_92','password_92'), (93,'email_93@gmail.com','nickname_93','password_93'), (94,'email_94@gmail.com','nickname_94','password_94'), (95,'email_95@gmail.com','nickname_95','password_95'), (96,'email_96@gmail.com','nickname_96','password_96'), (97,'email_97@gmail.com','nickname_97','password_97'), (98,'email_98@gmail.com','nickname_98','password_98'), (99,'email_99@gmail.com','nickname_99','password_99'), (100,'email_100@gmail.com','nickname_100','password_100'), (101,'email_101@gmail.com','nickname_101','password_101'), (102,'email_102@gmail.com','nickname_102','password_102'), (103,'email_103@gmail.com','nickname_103','password_103'), (104,'email_104@gmail.com','nickname_104','password_104'), (105,'email_105@gmail.com','nickname_105','password_105'), (106,'email_106@gmail.com','nickname_106','password_106'), (107,'email_107@gmail.com','nickname_107','password_107'), (108,'email_108@gmail.com','nickname_108','password_108'), (109,'email_109@gmail.com','nickname_109','password_109'), (110,'email_110@gmail.com','nickname_110','password_110'), (111,'email_111@gmail.com','nickname_111','password_111'), (112,'email_112@gmail.com','nickname_112','password_112'), (113,'email_113@gmail.com','nickname_113','password_113'), (114,'email_114@gmail.com','nickname_114','password_114'), (115,'email_115@gmail.com','nickname_115','password_115'), (116,'email_116@gmail.com','nickname_116','password_116'), (117,'email_117@gmail.com','nickname_117','password_117'), (118,'email_118@gmail.com','nickname_118','password_118'), (119,'email_119@gmail.com','nickname_119','password_119'), (120,'email_120@gmail.com','nickname_120','password_120'), (121,'email_121@gmail.com','nickname_121','password_121'), (122,'email_122@gmail.com','nickname_122','password_122'), (123,'email_123@gmail.com','nickname_123','password_123'), (124,'email_124@gmail.com','nickname_124','password_124'), (125,'email_125@gmail.com','nickname_125','password_125'), (126,'email_126@gmail.com','nickname_126','password_126'), (127,'email_127@gmail.com','nickname_127','password_127'), (128,'email_128@gmail.com','nickname_128','password_128'), (129,'email_129@gmail.com','nickname_129','password_129'), (130,'email_130@gmail.com','nickname_130','password_130'), (131,'email_131@gmail.com','nickname_131','password_131'), (132,'email_132@gmail.com','nickname_132','password_132'), (133,'email_133@gmail.com','nickname_133','password_133'), (134,'email_134@gmail.com','nickname_134','password_134'), (135,'email_135@gmail.com','nickname_135','password_135'), (136,'email_136@gmail.com','nickname_136','password_136'), (137,'email_137@gmail.com','nickname_137','password_137'), (138,'email_138@gmail.com','nickname_138','password_138'), (139,'email_139@gmail.com','nickname_139','password_139'), (140,'email_140@gmail.com','nickname_140','password_140'), (141,'email_141@gmail.com','nickname_141','password_141'), (142,'email_142@gmail.com','nickname_142','password_142'), (143,'email_143@gmail.com','nickname_143','password_143'), (144,'email_144@gmail.com','nickname_144','password_144'), (145,'email_145@gmail.com','nickname_145','password_145'), (146,'email_146@gmail.com','nickname_146','password_146'), (147,'email_147@gmail.com','nickname_147','password_147'), (148,'email_148@gmail.com','nickname_148','password_148'), (149,'email_149@gmail.com','nickname_149','password_149'), (150,'email_150@gmail.com','nickname_150','password_150'), (151,'email_151@gmail.com','nickname_151','password_151'), (152,'email_152@gmail.com','nickname_152','password_152'), (153,'email_153@gmail.com','nickname_153','password_153'), (154,'email_154@gmail.com','nickname_154','password_154'), (155,'email_155@gmail.com','nickname_155','password_155'), (156,'email_156@gmail.com','nickname_156','password_156'), (157,'email_157@gmail.com','nickname_157','password_157'), (158,'email_158@gmail.com','nickname_158','password_158'), (159,'email_159@gmail.com','nickname_159','password_159'), (160,'email_160@gmail.com','nickname_160','password_160'), (161,'email_161@gmail.com','nickname_161','password_161'), (162,'email_162@gmail.com','nickname_162','password_162'), (163,'email_163@gmail.com','nickname_163','password_163'), (164,'email_164@gmail.com','nickname_164','password_164'), (165,'email_165@gmail.com','nickname_165','password_165'), (166,'email_166@gmail.com','nickname_166','password_166'), (167,'email_167@gmail.com','nickname_167','password_167'), (168,'email_168@gmail.com','nickname_168','password_168'), (169,'email_169@gmail.com','nickname_169','password_169'), (170,'email_170@gmail.com','nickname_170','password_170'), (171,'email_171@gmail.com','nickname_171','password_171'), (172,'email_172@gmail.com','nickname_172','password_172'), (173,'email_173@gmail.com','nickname_173','password_173'), (174,'email_174@gmail.com','nickname_174','password_174'), (175,'email_175@gmail.com','nickname_175','password_175'), (176,'email_176@gmail.com','nickname_176','password_176'), (177,'email_177@gmail.com','nickname_177','password_177'), (178,'email_178@gmail.com','nickname_178','password_178'), (179,'email_179@gmail.com','nickname_179','password_179'), (180,'email_180@gmail.com','nickname_180','password_180'), (181,'email_181@gmail.com','nickname_181','password_181'), (182,'email_182@gmail.com','nickname_182','password_182'), (183,'email_183@gmail.com','nickname_183','password_183'), (184,'email_184@gmail.com','nickname_184','password_184'), (185,'email_185@gmail.com','nickname_185','password_185'), (186,'email_186@gmail.com','nickname_186','password_186'), (187,'email_187@gmail.com','nickname_187','password_187'), (188,'email_188@gmail.com','nickname_188','password_188'), (189,'email_189@gmail.com','nickname_189','password_189'), (190,'email_190@gmail.com','nickname_190','password_190'), (191,'email_191@gmail.com','nickname_191','password_191'), (192,'email_192@gmail.com','nickname_192','password_192'), (193,'email_193@gmail.com','nickname_193','password_193'), (194,'email_194@gmail.com','nickname_194','password_194'), (195,'email_195@gmail.com','nickname_195','password_195'), (196,'email_196@gmail.com','nickname_196','password_196'), (197,'email_197@gmail.com','nickname_197','password_197'), (198,'email_198@gmail.com','nickname_198','password_198'), (199,'email_199@gmail.com','nickname_199','password_199'), (200,'email_200@gmail.com','nickname_200','password_200'), (201,'email_201@gmail.com','nickname_201','password_201'), (202,'email_202@gmail.com','nickname_202','password_202'), (203,'email_203@gmail.com','nickname_203','password_203'), (204,'email_204@gmail.com','nickname_204','password_204'), (205,'email_205@gmail.com','nickname_205','password_205'), (206,'email_206@gmail.com','nickname_206','password_206'), (207,'email_207@gmail.com','nickname_207','password_207'), (208,'email_208@gmail.com','nickname_208','password_208'), (209,'email_209@gmail.com','nickname_209','password_209'), (210,'email_210@gmail.com','nickname_210','password_210'), (211,'email_211@gmail.com','nickname_211','password_211'), (212,'email_212@gmail.com','nickname_212','password_212'), (213,'email_213@gmail.com','nickname_213','password_213'), (214,'email_214@gmail.com','nickname_214','password_214'), (215,'email_215@gmail.com','nickname_215','password_215'), (216,'email_216@gmail.com','nickname_216','password_216'), (217,'email_217@gmail.com','nickname_217','password_217'), (218,'email_218@gmail.com','nickname_218','password_218'), (219,'email_219@gmail.com','nickname_219','password_219'), (220,'email_220@gmail.com','nickname_220','password_220'), (221,'email_221@gmail.com','nickname_221','password_221'), (222,'email_222@gmail.com','nickname_222','password_222'), (223,'email_223@gmail.com','nickname_223','password_223'), (224,'email_224@gmail.com','nickname_224','password_224'), (225,'email_225@gmail.com','nickname_225','password_225'), (226,'email_226@gmail.com','nickname_226','password_226'), (227,'email_227@gmail.com','nickname_227','password_227'), (228,'email_228@gmail.com','nickname_228','password_228'), (229,'email_229@gmail.com','nickname_229','password_229'), (230,'email_230@gmail.com','nickname_230','password_230'), (231,'email_231@gmail.com','nickname_231','password_231'), (232,'email_232@gmail.com','nickname_232','password_232'), (233,'email_233@gmail.com','nickname_233','password_233'), (234,'email_234@gmail.com','nickname_234','password_234'), (235,'email_235@gmail.com','nickname_235','password_235'), (236,'email_236@gmail.com','nickname_236','password_236'), (237,'email_237@gmail.com','nickname_237','password_237'), (238,'email_238@gmail.com','nickname_238','password_238'), (239,'email_239@gmail.com','nickname_239','password_239'), (240,'email_240@gmail.com','nickname_240','password_240'), (241,'email_241@gmail.com','nickname_241','password_241'), (242,'email_242@gmail.com','nickname_242','password_242'), (243,'email_243@gmail.com','nickname_243','password_243'), (244,'email_244@gmail.com','nickname_244','password_244'), (245,'email_245@gmail.com','nickname_245','password_245'), (246,'email_246@gmail.com','nickname_246','password_246'), (247,'email_247@gmail.com','nickname_247','password_247'), (248,'email_248@gmail.com','nickname_248','password_248'), (249,'email_249@gmail.com','nickname_249','password_249'), (250,'email_250@gmail.com','nickname_250','password_250'), (251,'email_251@gmail.com','nickname_251','password_251'), (252,'email_252@gmail.com','nickname_252','password_252'), (253,'email_253@gmail.com','nickname_253','password_253'), (254,'email_254@gmail.com','nickname_254','password_254'), (255,'email_255@gmail.com','nickname_255','password_255'), (256,'email_256@gmail.com','nickname_256','password_256'), (257,'email_257@gmail.com','nickname_257','password_257'), (258,'email_258@gmail.com','nickname_258','password_258'), (259,'email_259@gmail.com','nickname_259','password_259'), (260,'email_260@gmail.com','nickname_260','password_260'), (261,'email_261@gmail.com','nickname_261','password_261'), (262,'email_262@gmail.com','nickname_262','password_262'), (263,'email_263@gmail.com','nickname_263','password_263'), (264,'email_264@gmail.com','nickname_264','password_264'), (265,'email_265@gmail.com','nickname_265','password_265'), (266,'email_266@gmail.com','nickname_266','password_266'), (267,'email_267@gmail.com','nickname_267','password_267'), (268,'email_268@gmail.com','nickname_268','password_268'), (269,'email_269@gmail.com','nickname_269','password_269'), (270,'email_270@gmail.com','nickname_270','password_270'), (271,'email_271@gmail.com','nickname_271','password_271'), (272,'email_272@gmail.com','nickname_272','password_272'), (273,'email_273@gmail.com','nickname_273','password_273'), (274,'email_274@gmail.com','nickname_274','password_274'), (275,'email_275@gmail.com','nickname_275','password_275'), (276,'email_276@gmail.com','nickname_276','password_276'), (277,'email_277@gmail.com','nickname_277','password_277'), (278,'email_278@gmail.com','nickname_278','password_278'), (279,'email_279@gmail.com','nickname_279','password_279'), (280,'email_280@gmail.com','nickname_280','password_280'), (281,'email_281@gmail.com','nickname_281','password_281'), (282,'email_282@gmail.com','nickname_282','password_282'), (283,'email_283@gmail.com','nickname_283','password_283'), (284,'email_284@gmail.com','nickname_284','password_284'), (285,'email_285@gmail.com','nickname_285','password_285'), (286,'email_286@gmail.com','nickname_286','password_286'), (287,'email_287@gmail.com','nickname_287','password_287'), (288,'email_288@gmail.com','nickname_288','password_288'), (289,'email_289@gmail.com','nickname_289','password_289'), (290,'email_290@gmail.com','nickname_290','password_290'), (291,'email_291@gmail.com','nickname_291','password_291'), (292,'email_292@gmail.com','nickname_292','password_292'), (293,'email_293@gmail.com','nickname_293','password_293'), (294,'email_294@gmail.com','nickname_294','password_294'), (295,'email_295@gmail.com','nickname_295','password_295'), (296,'email_296@gmail.com','nickname_296','password_296'), (297,'email_297@gmail.com','nickname_297','password_297'), (298,'email_298@gmail.com','nickname_298','password_298'), (299,'email_299@gmail.com','nickname_299','password_299'), (300,'email_300@gmail.com','nickname_300','password_300'), (301,'email_301@gmail.com','nickname_301','password_301'), (302,'email_302@gmail.com','nickname_302','password_302'), (303,'email_303@gmail.com','nickname_303','password_303'), (304,'email_304@gmail.com','nickname_304','password_304'), (305,'email_305@gmail.com','nickname_305','password_305'), (306,'email_306@gmail.com','nickname_306','password_306'), (307,'email_307@gmail.com','nickname_307','password_307'), (308,'email_308@gmail.com','nickname_308','password_308'), (309,'email_309@gmail.com','nickname_309','password_309'), (310,'email_310@gmail.com','nickname_310','password_310'), (311,'email_311@gmail.com','nickname_311','password_311'), (312,'email_312@gmail.com','nickname_312','password_312'), (313,'email_313@gmail.com','nickname_313','password_313'), (314,'email_314@gmail.com','nickname_314','password_314'), (315,'email_315@gmail.com','nickname_315','password_315'), (316,'email_316@gmail.com','nickname_316','password_316'), (317,'email_317@gmail.com','nickname_317','password_317'), (318,'email_318@gmail.com','nickname_318','password_318'), (319,'email_319@gmail.com','nickname_319','password_319'), (320,'email_320@gmail.com','nickname_320','password_320'), (321,'email_321@gmail.com','nickname_321','password_321'), (322,'email_322@gmail.com','nickname_322','password_322'), (323,'email_323@gmail.com','nickname_323','password_323'), (324,'email_324@gmail.com','nickname_324','password_324'), (325,'email_325@gmail.com','nickname_325','password_325'), (326,'email_326@gmail.com','nickname_326','password_326'), (327,'email_327@gmail.com','nickname_327','password_327'), (328,'email_328@gmail.com','nickname_328','password_328'), (329,'email_329@gmail.com','nickname_329','password_329'), (330,'email_330@gmail.com','nickname_330','password_330'), (331,'email_331@gmail.com','nickname_331','password_331'), (332,'email_332@gmail.com','nickname_332','password_332'), (333,'email_333@gmail.com','nickname_333','password_333'), (334,'email_334@gmail.com','nickname_334','password_334'), (335,'email_335@gmail.com','nickname_335','password_335'), (336,'email_336@gmail.com','nickname_336','password_336'), (337,'email_337@gmail.com','nickname_337','password_337'), (338,'email_338@gmail.com','nickname_338','password_338'), (339,'email_339@gmail.com','nickname_339','password_339'), (340,'email_340@gmail.com','nickname_340','password_340'), (341,'email_341@gmail.com','nickname_341','password_341'), (342,'email_342@gmail.com','nickname_342','password_342'), (343,'email_343@gmail.com','nickname_343','password_343'), (344,'email_344@gmail.com','nickname_344','password_344'), (345,'email_345@gmail.com','nickname_345','password_345'), (346,'email_346@gmail.com','nickname_346','password_346'), (347,'email_347@gmail.com','nickname_347','password_347'), (348,'email_348@gmail.com','nickname_348','password_348'), (349,'email_349@gmail.com','nickname_349','password_349'), (350,'email_350@gmail.com','nickname_350','password_350'), (351,'email_351@gmail.com','nickname_351','password_351'), (352,'email_352@gmail.com','nickname_352','password_352'), (353,'email_353@gmail.com','nickname_353','password_353'), (354,'email_354@gmail.com','nickname_354','password_354'), (355,'email_355@gmail.com','nickname_355','password_355'), (356,'email_356@gmail.com','nickname_356','password_356'), (357,'email_357@gmail.com','nickname_357','password_357'), (358,'email_358@gmail.com','nickname_358','password_358'), (359,'email_359@gmail.com','nickname_359','password_359'), (360,'email_360@gmail.com','nickname_360','password_360'), (361,'email_361@gmail.com','nickname_361','password_361'), (362,'email_362@gmail.com','nickname_362','password_362'), (363,'email_363@gmail.com','nickname_363','password_363'), (364,'email_364@gmail.com','nickname_364','password_364'), (365,'email_365@gmail.com','nickname_365','password_365'), (366,'email_366@gmail.com','nickname_366','password_366'), (367,'email_367@gmail.com','nickname_367','password_367'), (368,'email_368@gmail.com','nickname_368','password_368'), (369,'email_369@gmail.com','nickname_369','password_369'), (370,'email_370@gmail.com','nickname_370','password_370'), (371,'email_371@gmail.com','nickname_371','password_371'), (372,'email_372@gmail.com','nickname_372','password_372'), (373,'email_373@gmail.com','nickname_373','password_373'), (374,'email_374@gmail.com','nickname_374','password_374'), (375,'email_375@gmail.com','nickname_375','password_375'), (376,'email_376@gmail.com','nickname_376','password_376'), (377,'email_377@gmail.com','nickname_377','password_377'), (378,'email_378@gmail.com','nickname_378','password_378'), (379,'email_379@gmail.com','nickname_379','password_379'), (380,'email_380@gmail.com','nickname_380','password_380'), (381,'email_381@gmail.com','nickname_381','password_381'), (382,'email_382@gmail.com','nickname_382','password_382'), (383,'email_383@gmail.com','nickname_383','password_383'), (384,'email_384@gmail.com','nickname_384','password_384'), (385,'email_385@gmail.com','nickname_385','password_385'), (386,'email_386@gmail.com','nickname_386','password_386'), (387,'email_387@gmail.com','nickname_387','password_387'), (388,'email_388@gmail.com','nickname_388','password_388'), (389,'email_389@gmail.com','nickname_389','password_389'), (390,'email_390@gmail.com','nickname_390','password_390'), (391,'email_391@gmail.com','nickname_391','password_391'), (392,'email_392@gmail.com','nickname_392','password_392'), (393,'email_393@gmail.com','nickname_393','password_393'), (394,'email_394@gmail.com','nickname_394','password_394'), (395,'email_395@gmail.com','nickname_395','password_395'), (396,'email_396@gmail.com','nickname_396','password_396'), (397,'email_397@gmail.com','nickname_397','password_397'), (398,'email_398@gmail.com','nickname_398','password_398'), (399,'email_399@gmail.com','nickname_399','password_399'), (400,'email_400@gmail.com','nickname_400','password_400'), (401,'email_401@gmail.com','nickname_401','password_401'), (402,'email_402@gmail.com','nickname_402','password_402'), (403,'email_403@gmail.com','nickname_403','password_403'), (404,'email_404@gmail.com','nickname_404','password_404'), (405,'email_405@gmail.com','nickname_405','password_405'), (406,'email_406@gmail.com','nickname_406','password_406'), (407,'email_407@gmail.com','nickname_407','password_407'), (408,'email_408@gmail.com','nickname_408','password_408'), (409,'email_409@gmail.com','nickname_409','password_409'), (410,'email_410@gmail.com','nickname_410','password_410'), (411,'email_411@gmail.com','nickname_411','password_411'), (412,'email_412@gmail.com','nickname_412','password_412'), (413,'email_413@gmail.com','nickname_413','password_413'), (414,'email_414@gmail.com','nickname_414','password_414'), (415,'email_415@gmail.com','nickname_415','password_415'), (416,'email_416@gmail.com','nickname_416','password_416'), (417,'email_417@gmail.com','nickname_417','password_417'), (418,'email_418@gmail.com','nickname_418','password_418'), (419,'email_419@gmail.com','nickname_419','password_419'), (420,'email_420@gmail.com','nickname_420','password_420'), (421,'email_421@gmail.com','nickname_421','password_421'), (422,'email_422@gmail.com','nickname_422','password_422'), (423,'email_423@gmail.com','nickname_423','password_423'), (424,'email_424@gmail.com','nickname_424','password_424'), (425,'email_425@gmail.com','nickname_425','password_425'), (426,'email_426@gmail.com','nickname_426','password_426'), (427,'email_427@gmail.com','nickname_427','password_427'), (428,'email_428@gmail.com','nickname_428','password_428'), (429,'email_429@gmail.com','nickname_429','password_429'), (430,'email_430@gmail.com','nickname_430','password_430'), (431,'email_431@gmail.com','nickname_431','password_431'), (432,'email_432@gmail.com','nickname_432','password_432'), (433,'email_433@gmail.com','nickname_433','password_433'), (434,'email_434@gmail.com','nickname_434','password_434'), (435,'email_435@gmail.com','nickname_435','password_435'), (436,'email_436@gmail.com','nickname_436','password_436'), (437,'email_437@gmail.com','nickname_437','password_437'), (438,'email_438@gmail.com','nickname_438','password_438'), (439,'email_439@gmail.com','nickname_439','password_439'), (440,'email_440@gmail.com','nickname_440','password_440'), (441,'email_441@gmail.com','nickname_441','password_441'), (442,'email_442@gmail.com','nickname_442','password_442'), (443,'email_443@gmail.com','nickname_443','password_443'), (444,'email_444@gmail.com','nickname_444','password_444'), (445,'email_445@gmail.com','nickname_445','password_445'), (446,'email_446@gmail.com','nickname_446','password_446'), (447,'email_447@gmail.com','nickname_447','password_447'), (448,'email_448@gmail.com','nickname_448','password_448'), (449,'email_449@gmail.com','nickname_449','password_449'), (450,'email_450@gmail.com','nickname_450','password_450'), (451,'email_451@gmail.com','nickname_451','password_451'), (452,'email_452@gmail.com','nickname_452','password_452'), (453,'email_453@gmail.com','nickname_453','password_453'), (454,'email_454@gmail.com','nickname_454','password_454'), (455,'email_455@gmail.com','nickname_455','password_455'), (456,'email_456@gmail.com','nickname_456','password_456'), (457,'email_457@gmail.com','nickname_457','password_457'), (458,'email_458@gmail.com','nickname_458','password_458'), (459,'email_459@gmail.com','nickname_459','password_459'), (460,'email_460@gmail.com','nickname_460','password_460'), (461,'email_461@gmail.com','nickname_461','password_461'), (462,'email_462@gmail.com','nickname_462','password_462'), (463,'email_463@gmail.com','nickname_463','password_463'), (464,'email_464@gmail.com','nickname_464','password_464'), (465,'email_465@gmail.com','nickname_465','password_465'), (466,'email_466@gmail.com','nickname_466','password_466'), (467,'email_467@gmail.com','nickname_467','password_467'), (468,'email_468@gmail.com','nickname_468','password_468'), (469,'email_469@gmail.com','nickname_469','password_469'), (470,'email_470@gmail.com','nickname_470','password_470'), (471,'email_471@gmail.com','nickname_471','password_471'), (472,'email_472@gmail.com','nickname_472','password_472'), (473,'email_473@gmail.com','nickname_473','password_473'), (474,'email_474@gmail.com','nickname_474','password_474'), (475,'email_475@gmail.com','nickname_475','password_475'), (476,'email_476@gmail.com','nickname_476','password_476'), (477,'email_477@gmail.com','nickname_477','password_477'), (478,'email_478@gmail.com','nickname_478','password_478'), (479,'email_479@gmail.com','nickname_479','password_479'), (480,'email_480@gmail.com','nickname_480','password_480'), (481,'email_481@gmail.com','nickname_481','password_481'), (482,'email_482@gmail.com','nickname_482','password_482'), (483,'email_483@gmail.com','nickname_483','password_483'), (484,'email_484@gmail.com','nickname_484','password_484'), (485,'email_485@gmail.com','nickname_485','password_485'), (486,'email_486@gmail.com','nickname_486','password_486'), (487,'email_487@gmail.com','nickname_487','password_487'), (488,'email_488@gmail.com','nickname_488','password_488'), (489,'email_489@gmail.com','nickname_489','password_489'), (490,'email_490@gmail.com','nickname_490','password_490'), (491,'email_491@gmail.com','nickname_491','password_491'), (492,'email_492@gmail.com','nickname_492','password_492'), (493,'email_493@gmail.com','nickname_493','password_493'), (494,'email_494@gmail.com','nickname_494','password_494'), (495,'email_495@gmail.com','nickname_495','password_495'), (496,'email_496@gmail.com','nickname_496','password_496'), (497,'email_497@gmail.com','nickname_497','password_497'), (498,'email_498@gmail.com','nickname_498','password_498'), (499,'email_499@gmail.com','nickname_499','password_499'), (500,'email_500@gmail.com','nickname_500','password_500'), (501,'email_501@gmail.com','nickname_501','password_501'), (502,'email_502@gmail.com','nickname_502','password_502'), (503,'email_503@gmail.com','nickname_503','password_503'), (504,'email_504@gmail.com','nickname_504','password_504'), (505,'email_505@gmail.com','nickname_505','password_505'), (506,'email_506@gmail.com','nickname_506','password_506'), (507,'email_507@gmail.com','nickname_507','password_507'), (508,'email_508@gmail.com','nickname_508','password_508'), (509,'email_509@gmail.com','nickname_509','password_509'), (510,'email_510@gmail.com','nickname_510','password_510'), (511,'email_511@gmail.com','nickname_511','password_511'), (512,'email_512@gmail.com','nickname_512','password_512'), (513,'email_513@gmail.com','nickname_513','password_513'), (514,'email_514@gmail.com','nickname_514','password_514'), (515,'email_515@gmail.com','nickname_515','password_515'), (516,'email_516@gmail.com','nickname_516','password_516'), (517,'email_517@gmail.com','nickname_517','password_517'), (518,'email_518@gmail.com','nickname_518','password_518'), (519,'email_519@gmail.com','nickname_519','password_519'), (520,'email_520@gmail.com','nickname_520','password_520'), (521,'email_521@gmail.com','nickname_521','password_521'), (522,'email_522@gmail.com','nickname_522','password_522'), (523,'email_523@gmail.com','nickname_523','password_523'), (524,'email_524@gmail.com','nickname_524','password_524'), (525,'email_525@gmail.com','nickname_525','password_525'), (526,'email_526@gmail.com','nickname_526','password_526'), (527,'email_527@gmail.com','nickname_527','password_527'), (528,'email_528@gmail.com','nickname_528','password_528'), (529,'email_529@gmail.com','nickname_529','password_529'), (530,'email_530@gmail.com','nickname_530','password_530'), (531,'email_531@gmail.com','nickname_531','password_531'), (532,'email_532@gmail.com','nickname_532','password_532'), (533,'email_533@gmail.com','nickname_533','password_533'), (534,'email_534@gmail.com','nickname_534','password_534'), (535,'email_535@gmail.com','nickname_535','password_535'), (536,'email_536@gmail.com','nickname_536','password_536'), (537,'email_537@gmail.com','nickname_537','password_537'), (538,'email_538@gmail.com','nickname_538','password_538'), (539,'email_539@gmail.com','nickname_539','password_539'), (540,'email_540@gmail.com','nickname_540','password_540'), (541,'email_541@gmail.com','nickname_541','password_541'), (542,'email_542@gmail.com','nickname_542','password_542'), (543,'email_543@gmail.com','nickname_543','password_543'), (544,'email_544@gmail.com','nickname_544','password_544'), (545,'email_545@gmail.com','nickname_545','password_545'), (546,'email_546@gmail.com','nickname_546','password_546'), (547,'email_547@gmail.com','nickname_547','password_547'), (548,'email_548@gmail.com','nickname_548','password_548'), (549,'email_549@gmail.com','nickname_549','password_549'), (550,'email_550@gmail.com','nickname_550','password_550'), (551,'email_551@gmail.com','nickname_551','password_551'), (552,'email_552@gmail.com','nickname_552','password_552'), (553,'email_553@gmail.com','nickname_553','password_553'), (554,'email_554@gmail.com','nickname_554','password_554'), (555,'email_555@gmail.com','nickname_555','password_555'), (556,'email_556@gmail.com','nickname_556','password_556'), (557,'email_557@gmail.com','nickname_557','password_557'), (558,'email_558@gmail.com','nickname_558','password_558'), (559,'email_559@gmail.com','nickname_559','password_559'), (560,'email_560@gmail.com','nickname_560','password_560'), (561,'email_561@gmail.com','nickname_561','password_561'), (562,'email_562@gmail.com','nickname_562','password_562'), (563,'email_563@gmail.com','nickname_563','password_563'), (564,'email_564@gmail.com','nickname_564','password_564'), (565,'email_565@gmail.com','nickname_565','password_565'), (566,'email_566@gmail.com','nickname_566','password_566'), (567,'email_567@gmail.com','nickname_567','password_567'), (568,'email_568@gmail.com','nickname_568','password_568'), (569,'email_569@gmail.com','nickname_569','password_569'), (570,'email_570@gmail.com','nickname_570','password_570'), (571,'email_571@gmail.com','nickname_571','password_571'), (572,'email_572@gmail.com','nickname_572','password_572'), (573,'email_573@gmail.com','nickname_573','password_573'), (574,'email_574@gmail.com','nickname_574','password_574'), (575,'email_575@gmail.com','nickname_575','password_575'), (576,'email_576@gmail.com','nickname_576','password_576'), (577,'email_577@gmail.com','nickname_577','password_577'), (578,'email_578@gmail.com','nickname_578','password_578'), (579,'email_579@gmail.com','nickname_579','password_579'), (580,'email_580@gmail.com','nickname_580','password_580'), (581,'email_581@gmail.com','nickname_581','password_581'), (582,'email_582@gmail.com','nickname_582','password_582'), (583,'email_583@gmail.com','nickname_583','password_583'), (584,'email_584@gmail.com','nickname_584','password_584'), (585,'email_585@gmail.com','nickname_585','password_585'), (586,'email_586@gmail.com','nickname_586','password_586'), (587,'email_587@gmail.com','nickname_587','password_587'), (588,'email_588@gmail.com','nickname_588','password_588'), (589,'email_589@gmail.com','nickname_589','password_589'), (590,'email_590@gmail.com','nickname_590','password_590'), (591,'email_591@gmail.com','nickname_591','password_591'), (592,'email_592@gmail.com','nickname_592','password_592'), (593,'email_593@gmail.com','nickname_593','password_593'), (594,'email_594@gmail.com','nickname_594','password_594'), (595,'email_595@gmail.com','nickname_595','password_595'), (596,'email_596@gmail.com','nickname_596','password_596'), (597,'email_597@gmail.com','nickname_597','password_597'), (598,'email_598@gmail.com','nickname_598','password_598'), (599,'email_599@gmail.com','nickname_599','password_599'), (600,'email_600@gmail.com','nickname_600','password_600'), (601,'email_601@gmail.com','nickname_601','password_601'), (602,'email_602@gmail.com','nickname_602','password_602'), (603,'email_603@gmail.com','nickname_603','password_603'), (604,'email_604@gmail.com','nickname_604','password_604'), (605,'email_605@gmail.com','nickname_605','password_605'), (606,'email_606@gmail.com','nickname_606','password_606'), (607,'email_607@gmail.com','nickname_607','password_607'), (608,'email_608@gmail.com','nickname_608','password_608'), (609,'email_609@gmail.com','nickname_609','password_609'), (610,'email_610@gmail.com','nickname_610','password_610'), (611,'email_611@gmail.com','nickname_611','password_611'), (612,'email_612@gmail.com','nickname_612','password_612'), (613,'email_613@gmail.com','nickname_613','password_613'), (614,'email_614@gmail.com','nickname_614','password_614'), (615,'email_615@gmail.com','nickname_615','password_615'), (616,'email_616@gmail.com','nickname_616','password_616'), (617,'email_617@gmail.com','nickname_617','password_617'), (618,'email_618@gmail.com','nickname_618','password_618'), (619,'email_619@gmail.com','nickname_619','password_619'), (620,'email_620@gmail.com','nickname_620','password_620'), (621,'email_621@gmail.com','nickname_621','password_621'), (622,'email_622@gmail.com','nickname_622','password_622'), (623,'email_623@gmail.com','nickname_623','password_623'), (624,'email_624@gmail.com','nickname_624','password_624'), (625,'email_625@gmail.com','nickname_625','password_625'), (626,'email_626@gmail.com','nickname_626','password_626'), (627,'email_627@gmail.com','nickname_627','password_627'), (628,'email_628@gmail.com','nickname_628','password_628'), (629,'email_629@gmail.com','nickname_629','password_629'), (630,'email_630@gmail.com','nickname_630','password_630'), (631,'email_631@gmail.com','nickname_631','password_631'), (632,'email_632@gmail.com','nickname_632','password_632'), (633,'email_633@gmail.com','nickname_633','password_633'), (634,'email_634@gmail.com','nickname_634','password_634'), (635,'email_635@gmail.com','nickname_635','password_635'), (636,'email_636@gmail.com','nickname_636','password_636'), (637,'email_637@gmail.com','nickname_637','password_637'), (638,'email_638@gmail.com','nickname_638','password_638'), (639,'email_639@gmail.com','nickname_639','password_639'), (640,'email_640@gmail.com','nickname_640','password_640'), (641,'email_641@gmail.com','nickname_641','password_641'), (642,'email_642@gmail.com','nickname_642','password_642'), (643,'email_643@gmail.com','nickname_643','password_643'), (644,'email_644@gmail.com','nickname_644','password_644'), (645,'email_645@gmail.com','nickname_645','password_645'), (646,'email_646@gmail.com','nickname_646','password_646'), (647,'email_647@gmail.com','nickname_647','password_647'), (648,'email_648@gmail.com','nickname_648','password_648'), (649,'email_649@gmail.com','nickname_649','password_649'), (650,'email_650@gmail.com','nickname_650','password_650'), (651,'email_651@gmail.com','nickname_651','password_651'), (652,'email_652@gmail.com','nickname_652','password_652'), (653,'email_653@gmail.com','nickname_653','password_653'), (654,'email_654@gmail.com','nickname_654','password_654'), (655,'email_655@gmail.com','nickname_655','password_655'), (656,'email_656@gmail.com','nickname_656','password_656'), (657,'email_657@gmail.com','nickname_657','password_657'), (658,'email_658@gmail.com','nickname_658','password_658'), (659,'email_659@gmail.com','nickname_659','password_659'), (660,'email_660@gmail.com','nickname_660','password_660'), (661,'email_661@gmail.com','nickname_661','password_661'), (662,'email_662@gmail.com','nickname_662','password_662'), (663,'email_663@gmail.com','nickname_663','password_663'), (664,'email_664@gmail.com','nickname_664','password_664'), (665,'email_665@gmail.com','nickname_665','password_665'), (666,'email_666@gmail.com','nickname_666','password_666'), (667,'email_667@gmail.com','nickname_667','password_667'), (668,'email_668@gmail.com','nickname_668','password_668'), (669,'email_669@gmail.com','nickname_669','password_669'), (670,'email_670@gmail.com','nickname_670','password_670'), (671,'email_671@gmail.com','nickname_671','password_671'), (672,'email_672@gmail.com','nickname_672','password_672'), (673,'email_673@gmail.com','nickname_673','password_673'), (674,'email_674@gmail.com','nickname_674','password_674'), (675,'email_675@gmail.com','nickname_675','password_675'), (676,'email_676@gmail.com','nickname_676','password_676'), (677,'email_677@gmail.com','nickname_677','password_677'), (678,'email_678@gmail.com','nickname_678','password_678'), (679,'email_679@gmail.com','nickname_679','password_679'), (680,'email_680@gmail.com','nickname_680','password_680'), (681,'email_681@gmail.com','nickname_681','password_681'), (682,'email_682@gmail.com','nickname_682','password_682'), (683,'email_683@gmail.com','nickname_683','password_683'), (684,'email_684@gmail.com','nickname_684','password_684'), (685,'email_685@gmail.com','nickname_685','password_685'), (686,'email_686@gmail.com','nickname_686','password_686'), (687,'email_687@gmail.com','nickname_687','password_687'), (688,'email_688@gmail.com','nickname_688','password_688'), (689,'email_689@gmail.com','nickname_689','password_689'), (690,'email_690@gmail.com','nickname_690','password_690'), (691,'email_691@gmail.com','nickname_691','password_691'), (692,'email_692@gmail.com','nickname_692','password_692'), (693,'email_693@gmail.com','nickname_693','password_693'), (694,'email_694@gmail.com','nickname_694','password_694'), (695,'email_695@gmail.com','nickname_695','password_695'), (696,'email_696@gmail.com','nickname_696','password_696'), (697,'email_697@gmail.com','nickname_697','password_697'), (698,'email_698@gmail.com','nickname_698','password_698'), (699,'email_699@gmail.com','nickname_699','password_699'), (700,'email_700@gmail.com','nickname_700','password_700'), (701,'email_701@gmail.com','nickname_701','password_701'), (702,'email_702@gmail.com','nickname_702','password_702'), (703,'email_703@gmail.com','nickname_703','password_703'), (704,'email_704@gmail.com','nickname_704','password_704'), (705,'email_705@gmail.com','nickname_705','password_705'), (706,'email_706@gmail.com','nickname_706','password_706'), (707,'email_707@gmail.com','nickname_707','password_707'), (708,'email_708@gmail.com','nickname_708','password_708'), (709,'email_709@gmail.com','nickname_709','password_709'), (710,'email_710@gmail.com','nickname_710','password_710'), (711,'email_711@gmail.com','nickname_711','password_711'), (712,'email_712@gmail.com','nickname_712','password_712'), (713,'email_713@gmail.com','nickname_713','password_713'), (714,'email_714@gmail.com','nickname_714','password_714'), (715,'email_715@gmail.com','nickname_715','password_715'), (716,'email_716@gmail.com','nickname_716','password_716'), (717,'email_717@gmail.com','nickname_717','password_717'), (718,'email_718@gmail.com','nickname_718','password_718'), (719,'email_719@gmail.com','nickname_719','password_719'), (720,'email_720@gmail.com','nickname_720','password_720'), (721,'email_721@gmail.com','nickname_721','password_721'), (722,'email_722@gmail.com','nickname_722','password_722'), (723,'email_723@gmail.com','nickname_723','password_723'), (724,'email_724@gmail.com','nickname_724','password_724'), (725,'email_725@gmail.com','nickname_725','password_725'), (726,'email_726@gmail.com','nickname_726','password_726'), (727,'email_727@gmail.com','nickname_727','password_727'), (728,'email_728@gmail.com','nickname_728','password_728'), (729,'email_729@gmail.com','nickname_729','password_729'), (730,'email_730@gmail.com','nickname_730','password_730'), (731,'email_731@gmail.com','nickname_731','password_731'), (732,'email_732@gmail.com','nickname_732','password_732'), (733,'email_733@gmail.com','nickname_733','password_733'), (734,'email_734@gmail.com','nickname_734','password_734'), (735,'email_735@gmail.com','nickname_735','password_735'), (736,'email_736@gmail.com','nickname_736','password_736'), (737,'email_737@gmail.com','nickname_737','password_737'), (738,'email_738@gmail.com','nickname_738','password_738'), (739,'email_739@gmail.com','nickname_739','password_739'), (740,'email_740@gmail.com','nickname_740','password_740'), (741,'email_741@gmail.com','nickname_741','password_741'), (742,'email_742@gmail.com','nickname_742','password_742'), (743,'email_743@gmail.com','nickname_743','password_743'), (744,'email_744@gmail.com','nickname_744','password_744'), (745,'email_745@gmail.com','nickname_745','password_745'), (746,'email_746@gmail.com','nickname_746','password_746'), (747,'email_747@gmail.com','nickname_747','password_747'), (748,'email_748@gmail.com','nickname_748','password_748'), (749,'email_749@gmail.com','nickname_749','password_749'), (750,'email_750@gmail.com','nickname_750','password_750'), (751,'email_751@gmail.com','nickname_751','password_751'), (752,'email_752@gmail.com','nickname_752','password_752'), (753,'email_753@gmail.com','nickname_753','password_753'), (754,'email_754@gmail.com','nickname_754','password_754'), (755,'email_755@gmail.com','nickname_755','password_755'), (756,'email_756@gmail.com','nickname_756','password_756'), (757,'email_757@gmail.com','nickname_757','password_757'), (758,'email_758@gmail.com','nickname_758','password_758'), (759,'email_759@gmail.com','nickname_759','password_759'), (760,'email_760@gmail.com','nickname_760','password_760'), (761,'email_761@gmail.com','nickname_761','password_761'), (762,'email_762@gmail.com','nickname_762','password_762'), (763,'email_763@gmail.com','nickname_763','password_763'), (764,'email_764@gmail.com','nickname_764','password_764'), (765,'email_765@gmail.com','nickname_765','password_765'), (766,'email_766@gmail.com','nickname_766','password_766'), (767,'email_767@gmail.com','nickname_767','password_767'), (768,'email_768@gmail.com','nickname_768','password_768'), (769,'email_769@gmail.com','nickname_769','password_769'), (770,'email_770@gmail.com','nickname_770','password_770'), (771,'email_771@gmail.com','nickname_771','password_771'), (772,'email_772@gmail.com','nickname_772','password_772'), (773,'email_773@gmail.com','nickname_773','password_773'), (774,'email_774@gmail.com','nickname_774','password_774'), (775,'email_775@gmail.com','nickname_775','password_775'), (776,'email_776@gmail.com','nickname_776','password_776'), (777,'email_777@gmail.com','nickname_777','password_777'), (778,'email_778@gmail.com','nickname_778','password_778'), (779,'email_779@gmail.com','nickname_779','password_779'), (780,'email_780@gmail.com','nickname_780','password_780'), (781,'email_781@gmail.com','nickname_781','password_781'), (782,'email_782@gmail.com','nickname_782','password_782'), (783,'email_783@gmail.com','nickname_783','password_783'), (784,'email_784@gmail.com','nickname_784','password_784'), (785,'email_785@gmail.com','nickname_785','password_785'), (786,'email_786@gmail.com','nickname_786','password_786'), (787,'email_787@gmail.com','nickname_787','password_787'), (788,'email_788@gmail.com','nickname_788','password_788'), (789,'email_789@gmail.com','nickname_789','password_789'), (790,'email_790@gmail.com','nickname_790','password_790'), (791,'email_791@gmail.com','nickname_791','password_791'), (792,'email_792@gmail.com','nickname_792','password_792'), (793,'email_793@gmail.com','nickname_793','password_793'), (794,'email_794@gmail.com','nickname_794','password_794'), (795,'email_795@gmail.com','nickname_795','password_795'), (796,'email_796@gmail.com','nickname_796','password_796'), (797,'email_797@gmail.com','nickname_797','password_797'), (798,'email_798@gmail.com','nickname_798','password_798'), (799,'email_799@gmail.com','nickname_799','password_799'), (800,'email_800@gmail.com','nickname_800','password_800'), (801,'email_801@gmail.com','nickname_801','password_801'), (802,'email_802@gmail.com','nickname_802','password_802'), (803,'email_803@gmail.com','nickname_803','password_803'), (804,'email_804@gmail.com','nickname_804','password_804'), (805,'email_805@gmail.com','nickname_805','password_805'), (806,'email_806@gmail.com','nickname_806','password_806'), (807,'email_807@gmail.com','nickname_807','password_807'), (808,'email_808@gmail.com','nickname_808','password_808'), (809,'email_809@gmail.com','nickname_809','password_809'), (810,'email_810@gmail.com','nickname_810','password_810'), (811,'email_811@gmail.com','nickname_811','password_811'), (812,'email_812@gmail.com','nickname_812','password_812'), (813,'email_813@gmail.com','nickname_813','password_813'), (814,'email_814@gmail.com','nickname_814','password_814'), (815,'email_815@gmail.com','nickname_815','password_815'), (816,'email_816@gmail.com','nickname_816','password_816'), (817,'email_817@gmail.com','nickname_817','password_817'), (818,'email_818@gmail.com','nickname_818','password_818'), (819,'email_819@gmail.com','nickname_819','password_819'), (820,'email_820@gmail.com','nickname_820','password_820'), (821,'email_821@gmail.com','nickname_821','password_821'), (822,'email_822@gmail.com','nickname_822','password_822'), (823,'email_823@gmail.com','nickname_823','password_823'), (824,'email_824@gmail.com','nickname_824','password_824'), (825,'email_825@gmail.com','nickname_825','password_825'), (826,'email_826@gmail.com','nickname_826','password_826'), (827,'email_827@gmail.com','nickname_827','password_827'), (828,'email_828@gmail.com','nickname_828','password_828'), (829,'email_829@gmail.com','nickname_829','password_829'), (830,'email_830@gmail.com','nickname_830','password_830'), (831,'email_831@gmail.com','nickname_831','password_831'), (832,'email_832@gmail.com','nickname_832','password_832'), (833,'email_833@gmail.com','nickname_833','password_833'), (834,'email_834@gmail.com','nickname_834','password_834'), (835,'email_835@gmail.com','nickname_835','password_835'), (836,'email_836@gmail.com','nickname_836','password_836'), (837,'email_837@gmail.com','nickname_837','password_837'), (838,'email_838@gmail.com','nickname_838','password_838'), (839,'email_839@gmail.com','nickname_839','password_839'), (840,'email_840@gmail.com','nickname_840','password_840'), (841,'email_841@gmail.com','nickname_841','password_841'), (842,'email_842@gmail.com','nickname_842','password_842'), (843,'email_843@gmail.com','nickname_843','password_843'), (844,'email_844@gmail.com','nickname_844','password_844'), (845,'email_845@gmail.com','nickname_845','password_845'), (846,'email_846@gmail.com','nickname_846','password_846'), (847,'email_847@gmail.com','nickname_847','password_847'), (848,'email_848@gmail.com','nickname_848','password_848'), (849,'email_849@gmail.com','nickname_849','password_849'), (850,'email_850@gmail.com','nickname_850','password_850'), (851,'email_851@gmail.com','nickname_851','password_851'), (852,'email_852@gmail.com','nickname_852','password_852'), (853,'email_853@gmail.com','nickname_853','password_853'), (854,'email_854@gmail.com','nickname_854','password_854'), (855,'email_855@gmail.com','nickname_855','password_855'), (856,'email_856@gmail.com','nickname_856','password_856'), (857,'email_857@gmail.com','nickname_857','password_857'), (858,'email_858@gmail.com','nickname_858','password_858'), (859,'email_859@gmail.com','nickname_859','password_859'), (860,'email_860@gmail.com','nickname_860','password_860'), (861,'email_861@gmail.com','nickname_861','password_861'), (862,'email_862@gmail.com','nickname_862','password_862'), (863,'email_863@gmail.com','nickname_863','password_863'), (864,'email_864@gmail.com','nickname_864','password_864'), (865,'email_865@gmail.com','nickname_865','password_865'), (866,'email_866@gmail.com','nickname_866','password_866'), (867,'email_867@gmail.com','nickname_867','password_867'), (868,'email_868@gmail.com','nickname_868','password_868'), (869,'email_869@gmail.com','nickname_869','password_869'), (870,'email_870@gmail.com','nickname_870','password_870'), (871,'email_871@gmail.com','nickname_871','password_871'), (872,'email_872@gmail.com','nickname_872','password_872'), (873,'email_873@gmail.com','nickname_873','password_873'), (874,'email_874@gmail.com','nickname_874','password_874'), (875,'email_875@gmail.com','nickname_875','password_875'), (876,'email_876@gmail.com','nickname_876','password_876'), (877,'email_877@gmail.com','nickname_877','password_877'), (878,'email_878@gmail.com','nickname_878','password_878'), (879,'email_879@gmail.com','nickname_879','password_879'), (880,'email_880@gmail.com','nickname_880','password_880'), (881,'email_881@gmail.com','nickname_881','password_881'), (882,'email_882@gmail.com','nickname_882','password_882'), (883,'email_883@gmail.com','nickname_883','password_883'), (884,'email_884@gmail.com','nickname_884','password_884'), (885,'email_885@gmail.com','nickname_885','password_885'), (886,'email_886@gmail.com','nickname_886','password_886'), (887,'email_887@gmail.com','nickname_887','password_887'), (888,'email_888@gmail.com','nickname_888','password_888'), (889,'email_889@gmail.com','nickname_889','password_889'), (890,'email_890@gmail.com','nickname_890','password_890'), (891,'email_891@gmail.com','nickname_891','password_891'), (892,'email_892@gmail.com','nickname_892','password_892'), (893,'email_893@gmail.com','nickname_893','password_893'), (894,'email_894@gmail.com','nickname_894','password_894'), (895,'email_895@gmail.com','nickname_895','password_895'), (896,'email_896@gmail.com','nickname_896','password_896'), (897,'email_897@gmail.com','nickname_897','password_897'), (898,'email_898@gmail.com','nickname_898','password_898'), (899,'email_899@gmail.com','nickname_899','password_899'), (900,'email_900@gmail.com','nickname_900','password_900'), (901,'email_901@gmail.com','nickname_901','password_901'), (902,'email_902@gmail.com','nickname_902','password_902'), (903,'email_903@gmail.com','nickname_903','password_903'), (904,'email_904@gmail.com','nickname_904','password_904'), (905,'email_905@gmail.com','nickname_905','password_905'), (906,'email_906@gmail.com','nickname_906','password_906'), (907,'email_907@gmail.com','nickname_907','password_907'), (908,'email_908@gmail.com','nickname_908','password_908'), (909,'email_909@gmail.com','nickname_909','password_909'), (910,'email_910@gmail.com','nickname_910','password_910'), (911,'email_911@gmail.com','nickname_911','password_911'), (912,'email_912@gmail.com','nickname_912','password_912'), (913,'email_913@gmail.com','nickname_913','password_913'), (914,'email_914@gmail.com','nickname_914','password_914'), (915,'email_915@gmail.com','nickname_915','password_915'), (916,'email_916@gmail.com','nickname_916','password_916'), (917,'email_917@gmail.com','nickname_917','password_917'), (918,'email_918@gmail.com','nickname_918','password_918'), (919,'email_919@gmail.com','nickname_919','password_919'), (920,'email_920@gmail.com','nickname_920','password_920'), (921,'email_921@gmail.com','nickname_921','password_921'), (922,'email_922@gmail.com','nickname_922','password_922'), (923,'email_923@gmail.com','nickname_923','password_923'), (924,'email_924@gmail.com','nickname_924','password_924'), (925,'email_925@gmail.com','nickname_925','password_925'), (926,'email_926@gmail.com','nickname_926','password_926'), (927,'email_927@gmail.com','nickname_927','password_927'), (928,'email_928@gmail.com','nickname_928','password_928'), (929,'email_929@gmail.com','nickname_929','password_929'), (930,'email_930@gmail.com','nickname_930','password_930'), (931,'email_931@gmail.com','nickname_931','password_931'), (932,'email_932@gmail.com','nickname_932','password_932'), (933,'email_933@gmail.com','nickname_933','password_933'), (934,'email_934@gmail.com','nickname_934','password_934'), (935,'email_935@gmail.com','nickname_935','password_935'), (936,'email_936@gmail.com','nickname_936','password_936'), (937,'email_937@gmail.com','nickname_937','password_937'), (938,'email_938@gmail.com','nickname_938','password_938'), (939,'email_939@gmail.com','nickname_939','password_939'), (940,'email_940@gmail.com','nickname_940','password_940'), (941,'email_941@gmail.com','nickname_941','password_941'), (942,'email_942@gmail.com','nickname_942','password_942'), (943,'email_943@gmail.com','nickname_943','password_943'), (944,'email_944@gmail.com','nickname_944','password_944'), (945,'email_945@gmail.com','nickname_945','password_945'), (946,'email_946@gmail.com','nickname_946','password_946'), (947,'email_947@gmail.com','nickname_947','password_947'), (948,'email_948@gmail.com','nickname_948','password_948'), (949,'email_949@gmail.com','nickname_949','password_949'), (950,'email_950@gmail.com','nickname_950','password_950'), (951,'email_951@gmail.com','nickname_951','password_951'), (952,'email_952@gmail.com','nickname_952','password_952'), (953,'email_953@gmail.com','nickname_953','password_953'), (954,'email_954@gmail.com','nickname_954','password_954'), (955,'email_955@gmail.com','nickname_955','password_955'), (956,'email_956@gmail.com','nickname_956','password_956'), (957,'email_957@gmail.com','nickname_957','password_957'), (958,'email_958@gmail.com','nickname_958','password_958'), (959,'email_959@gmail.com','nickname_959','password_959'), (960,'email_960@gmail.com','nickname_960','password_960'), (961,'email_961@gmail.com','nickname_961','password_961'), (962,'email_962@gmail.com','nickname_962','password_962'), (963,'email_963@gmail.com','nickname_963','password_963'), (964,'email_964@gmail.com','nickname_964','password_964'), (965,'email_965@gmail.com','nickname_965','password_965'), (966,'email_966@gmail.com','nickname_966','password_966'), (967,'email_967@gmail.com','nickname_967','password_967'), (968,'email_968@gmail.com','nickname_968','password_968'), (969,'email_969@gmail.com','nickname_969','password_969'), (970,'email_970@gmail.com','nickname_970','password_970'), (971,'email_971@gmail.com','nickname_971','password_971'), (972,'email_972@gmail.com','nickname_972','password_972'), (973,'email_973@gmail.com','nickname_973','password_973'), (974,'email_974@gmail.com','nickname_974','password_974'), (975,'email_975@gmail.com','nickname_975','password_975'), (976,'email_976@gmail.com','nickname_976','password_976'), (977,'email_977@gmail.com','nickname_977','password_977'), (978,'email_978@gmail.com','nickname_978','password_978'), (979,'email_979@gmail.com','nickname_979','password_979'), (980,'email_980@gmail.com','nickname_980','password_980'), (981,'email_981@gmail.com','nickname_981','password_981'), (982,'email_982@gmail.com','nickname_982','password_982'), (983,'email_983@gmail.com','nickname_983','password_983'), (984,'email_984@gmail.com','nickname_984','password_984'), (985,'email_985@gmail.com','nickname_985','password_985'), (986,'email_986@gmail.com','nickname_986','password_986'), (987,'email_987@gmail.com','nickname_987','password_987'), (988,'email_988@gmail.com','nickname_988','password_988'), (989,'email_989@gmail.com','nickname_989','password_989'), (990,'email_990@gmail.com','nickname_990','password_990'), (991,'email_991@gmail.com','nickname_991','password_991'), (992,'email_992@gmail.com','nickname_992','password_992'), (993,'email_993@gmail.com','nickname_993','password_993'), (994,'email_994@gmail.com','nickname_994','password_994'), (995,'email_995@gmail.com','nickname_995','password_995'), (996,'email_996@gmail.com','nickname_996','password_996'), (997,'email_997@gmail.com','nickname_997','password_997'), (998,'email_998@gmail.com','nickname_998','password_998'), (999,'email_999@gmail.com','nickname_999','password_999'), (1000,'email_1000@gmail.com','nickname_1000','password_1000');
INSERT INTO users_subjects (users_id, subjects_id, mark) VALUES (1,1, 84), (1,7, 40), (1,5,58), (2,1, 43), (2,3, 98), (2,7,81), (3,1, 49), (3,3, 21), (3,5,52), (4,1, 88), (4,3, 28), (4,7,50), (5,1, 80), (5,6, 14), (5,3,21), (6,1, 13), (6,7, 75), (6,6,33), (7,1, 16), (7,7, 86), (7,6,14), (8,1, 10), (8,7, 50), (8,4,37), (9,1, 98), (9,7, 75), (9,6,51), (10,1, 25), (10,4, 11), (10,7,17), (11,1, 42), (11,3, 100), (11,7,100), (12,1, 41), (12,3, 75), (12,6,83), (13,1, 97), (13,7, 80), (13,2,51), (14,1, 44), (14,3, 39), (14,7,20), (15,1, 42), (15,6, 90), (15,5,22), (16,1, 65), (16,7, 16), (16,2,90), (17,1, 80), (17,7, 53), (17,4,99), (18,1, 11), (18,7, 79), (18,2,23), (19,1, 22), (19,5, 39), (19,6,21), (20,1, 72), (20,5, 81), (20,2,78), (21,1, 98), (21,6, 64), (21,4,46), (22,1, 46), (22,5, 89), (22,2,68), (23,1, 80), (23,5, 68), (23,6,50), (24,1, 22), (24,3, 58), (24,5,100), (25,1, 75), (25,6, 37), (25,3,94), (26,1, 89), (26,3, 66), (26,6,14), (27,1, 27), (27,4, 13), (27,3,53), (28,1, 78), (28,3, 96), (28,7,77), (29,1, 75), (29,7, 48), (29,4,65), (30,1, 12), (30,3, 22), (30,7,22), (31,1, 50), (31,5, 72), (31,4,11), (32,1, 55), (32,6, 68), (32,5,83), (33,1, 90), (33,7, 83), (33,4,99), (34,1, 51), (34,7, 36), (34,6,19), (35,1, 92), (35,7, 22), (35,3,30), (36,1, 97), (36,7, 33), (36,6,65), (37,1, 74), (37,5, 58), (37,7,80), (38,1, 15), (38,6, 43), (38,4,97), (39,1, 19), (39,5, 88), (39,3,98), (40,1, 40), (40,6, 52), (40,4,98), (41,1, 67), (41,7, 71), (41,3,15), (42,1, 92), (42,6, 50), (42,2,31), (43,1, 24), (43,3, 19), (43,7,47), (44,1, 14), (44,5, 80), (44,2,77), (45,1, 75), (45,5, 93), (45,2,82), (46,1, 75), (46,3, 68), (46,5,86), (47,1, 61), (47,5, 31), (47,2,36), (48,1, 33), (48,5, 84), (48,7,60), (49,1, 12), (49,4, 35), (49,6,69), (50,1, 50), (50,4, 38), (50,5,18), (51,1, 13), (51,4, 12), (51,6,54), (52,1, 88), (52,6, 23), (52,5,100), (53,1, 45), (53,5, 69), (53,2,67), (54,1, 55), (54,4, 28), (54,5,20), (55,1, 45), (55,7, 74), (55,3,78), (56,1, 80), (56,3, 93), (56,4,86), (57,1, 51), (57,5, 59), (57,4,53), (58,1, 93), (58,3, 42), (58,2,32), (59,1, 50), (59,6, 14), (59,2,25), (60,1, 69), (60,5, 97), (60,7,10), (61,1, 24), (61,7, 84), (61,3,72), (62,1, 39), (62,5, 84), (62,7,60), (63,1, 85), (63,7, 36), (63,3,20), (64,1, 95), (64,5, 59), (64,4,53), (65,1, 75), (65,7, 35), (65,2,12), (66,1, 67), (66,3, 94), (66,6,57), (67,1, 53), (67,7, 82), (67,2,75), (68,1, 36), (68,4, 92), (68,5,92), (69,1, 52), (69,5, 11), (69,6,80), (70,1, 70), (70,3, 24), (70,6,63), (71,1, 88), (71,7, 32), (71,2,84), (72,1, 97), (72,7, 70), (72,2,24), (73,1, 62), (73,6, 12), (73,4,57), (74,1, 88), (74,7, 29), (74,2,87), (75,1, 75), (75,5, 26), (75,3,23), (76,1, 43), (76,6, 30), (76,7,10), (77,1, 89), (77,4, 50), (77,3,75), (78,1, 42), (78,6, 81), (78,2,84), (79,1, 40), (79,4, 57), (79,5,84), (80,1, 94), (80,7, 55), (80,4,40), (81,1, 75), (81,3, 87), (81,7,98), (82,1, 24), (82,7, 12), (82,5,70), (83,1, 47), (83,6, 25), (83,7,97), (84,1, 70), (84,7, 100), (84,2,68), (85,1, 37), (85,7, 50), (85,2,84), (86,1, 42), (86,7, 21), (86,3,27), (87,1, 63), (87,3, 37), (87,2,79), (88,1, 48), (88,4, 31), (88,7,27), (89,1, 63), (89,3, 79), (89,5,100), (90,1, 11), (90,6, 48), (90,7,16), (91,1, 79), (91,7, 22), (91,3,88), (92,1, 53), (92,6, 44), (92,3,68), (93,1, 68), (93,6, 21), (93,5,82), (94,1, 54), (94,5, 25), (94,4,41), (95,1, 12), (95,4, 57), (95,2,87), (96,1, 26), (96,6, 12), (96,2,87), (97,1, 61), (97,3, 58), (97,4,83), (98,1, 47), (98,6, 94), (98,5,62), (99,1, 31), (99,5, 53), (99,2,79), (100,1, 78), (100,4, 94), (100,6,75), (101,1, 88), (101,7, 21), (101,6,59), (102,1, 86), (102,7, 99), (102,5,25), (103,1, 89), (103,6, 98), (103,2,27), (104,1, 45), (104,6, 64), (104,2,92), (105,1, 23), (105,7, 82), (105,5,39), (106,1, 84), (106,6, 65), (106,7,66), (107,1, 47), (107,7, 50), (107,2,57), (108,1, 65), (108,5, 17), (108,4,70), (109,1, 20), (109,5, 94), (109,2,15), (110,1, 70), (110,3, 56), (110,6,43), (111,1, 41), (111,5, 99), (111,7,45), (112,1, 57), (112,6, 86), (112,3,29), (113,1, 94), (113,7, 75), (113,6,70), (114,1, 94), (114,6, 70), (114,5,88), (115,1, 96), (115,6, 86), (115,4,25), (116,1, 17), (116,5, 60), (116,4,29), (117,1, 12), (117,3, 75), (117,5,86), (118,1, 55), (118,6, 54), (118,2,70), (119,1, 36), (119,7, 54), (119,3,83), (120,1, 44), (120,4, 32), (120,5,52), (121,1, 49), (121,7, 55), (121,5,19), (122,1, 43), (122,3, 76), (122,4,11), (123,1, 41), (123,7, 29), (123,4,75), (124,1, 66), (124,6, 25), (124,4,98), (125,1, 73), (125,6, 14), (125,7,16), (126,1, 80), (126,5, 14), (126,7,58), (127,1, 93), (127,4, 47), (127,7,56), (128,1, 61), (128,3, 38), (128,4,92), (129,1, 53), (129,4, 88), (129,7,94), (130,1, 42), (130,7, 92), (130,4,93), (131,1, 52), (131,7, 36), (131,5,12), (132,1, 85), (132,7, 43), (132,2,42), (133,1, 76), (133,6, 84), (133,4,95), (134,1, 95), (134,5, 43), (134,3,21), (135,1, 77), (135,5, 48), (135,6,31), (136,1, 32), (136,4, 43), (136,5,38), (137,1, 10), (137,4, 82), (137,2,66), (138,1, 50), (138,3, 19), (138,2,13), (139,1, 89), (139,3, 76), (139,4,24), (140,1, 29), (140,5, 94), (140,7,39), (141,1, 70), (141,7, 57), (141,3,36), (142,1, 41), (142,3, 14), (142,5,33), (143,1, 48), (143,4, 71), (143,2,24), (144,1, 97), (144,7, 47), (144,5,61), (145,1, 99), (145,4, 24), (145,5,77), (146,1, 83), (146,7, 96), (146,6,58), (147,1, 78), (147,7, 23), (147,5,100), (148,1, 39), (148,4, 14), (148,5,78), (149,1, 97), (149,3, 71), (149,7,39), (150,1, 59), (150,4, 99), (150,7,99), (151,1, 78), (151,5, 29), (151,3,12), (152,1, 38), (152,7, 58), (152,2,51), (153,1, 29), (153,7, 30), (153,2,94), (154,1, 94), (154,6, 43), (154,5,64), (155,1, 64), (155,7, 100), (155,4,74), (156,1, 17), (156,7, 41), (156,3,41), (157,1, 48), (157,3, 45), (157,5,87), (158,1, 66), (158,5, 39), (158,3,42), (159,1, 64), (159,4, 16), (159,7,67), (160,1, 16), (160,3, 25), (160,2,16), (161,1, 40), (161,6, 27), (161,4,24), (162,1, 65), (162,3, 89), (162,2,65), (163,1, 94), (163,6, 24), (163,3,75), (164,1, 82), (164,5, 31), (164,7,58), (165,1, 34), (165,5, 19), (165,4,67), (166,1, 64), (166,5, 32), (166,4,86), (167,1, 77), (167,7, 32), (167,6,53), (168,1, 38), (168,5, 36), (168,4,39), (169,1, 70), (169,6, 54), (169,5,47), (170,1, 16), (170,7, 10), (170,4,19), (171,1, 20), (171,5, 59), (171,7,97), (172,1, 95), (172,7, 35), (172,5,19), (173,1, 12), (173,5, 58), (173,6,30), (174,1, 75), (174,3, 38), (174,7,82), (175,1, 23), (175,4, 80), (175,5,30), (176,1, 36), (176,4, 89), (176,3,21), (177,1, 43), (177,5, 100), (177,2,64), (178,1, 16), (178,5, 29), (178,2,51), (179,1, 38), (179,6, 73), (179,3,50), (180,1, 61), (180,4, 77), (180,5,37), (181,1, 24), (181,3, 54), (181,4,72), (182,1, 87), (182,7, 42), (182,5,93), (183,1, 21), (183,3, 99), (183,7,27), (184,1, 24), (184,6, 21), (184,4,27), (185,1, 70), (185,3, 63), (185,7,47), (186,1, 88), (186,5, 67), (186,4,11), (187,1, 31), (187,7, 33), (187,4,47), (188,1, 57), (188,3, 10), (188,6,48), (189,1, 36), (189,3, 50), (189,7,45), (190,1, 64), (190,4, 24), (190,3,34), (191,1, 49), (191,5, 54), (191,6,33), (192,1, 12), (192,7, 48), (192,3,77), (193,1, 55), (193,4, 99), (193,5,89), (194,1, 33), (194,3, 34), (194,5,19), (195,1, 50), (195,4, 22), (195,3,31), (196,1, 59), (196,7, 45), (196,6,29), (197,1, 51), (197,5, 64), (197,7,74), (198,1, 84), (198,4, 55), (198,6,30), (199,1, 97), (199,5, 35), (199,6,20), (200,1, 52), (200,6, 27), (200,3,79), (201,1, 65), (201,3, 52), (201,6,23), (202,1, 55), (202,3, 52), (202,2,88), (203,1, 47), (203,4, 93), (203,3,37), (204,1, 24), (204,5, 17), (204,4,50), (205,1, 82), (205,6, 57), (205,5,26), (206,1, 60), (206,3, 38), (206,5,66), (207,1, 82), (207,3, 27), (207,2,76), (208,1, 89), (208,4, 27), (208,6,18), (209,1, 17), (209,6, 47), (209,2,37), (210,1, 39), (210,4, 93), (210,7,26), (211,1, 10), (211,7, 26), (211,2,92), (212,1, 56), (212,5, 87), (212,6,49), (213,1, 59), (213,6, 89), (213,5,74), (214,1, 14), (214,5, 82), (214,6,33), (215,1, 83), (215,3, 79), (215,4,14), (216,1, 93), (216,3, 55), (216,7,52), (217,1, 85), (217,5, 95), (217,3,40), (218,1, 79), (218,5, 35), (218,3,20), (219,1, 81), (219,3, 37), (219,6,63), (220,1, 72), (220,7, 34), (220,4,36), (221,1, 10), (221,5, 68), (221,4,47), (222,1, 86), (222,4, 69), (222,2,76), (223,1, 52), (223,7, 30), (223,5,56), (224,1, 43), (224,5, 42), (224,7,26), (225,1, 89), (225,7, 76), (225,6,75), (226,1, 53), (226,5, 21), (226,2,37), (227,1, 15), (227,6, 44), (227,5,99), (228,1, 53), (228,5, 64), (228,4,87), (229,1, 11), (229,3, 69), (229,5,99), (230,1, 16), (230,3, 18), (230,5,45), (231,1, 53), (231,5, 56), (231,3,42), (232,1, 74), (232,6, 57), (232,7,53), (233,1, 12), (233,5, 29), (233,4,100), (234,1, 23), (234,5, 73), (234,2,89), (235,1, 57), (235,4, 67), (235,2,61), (236,1, 79), (236,6, 33), (236,4,57), (237,1, 92), (237,4, 55), (237,7,40), (238,1, 74), (238,7, 77), (238,5,58), (239,1, 73), (239,5, 46), (239,2,42), (240,1, 77), (240,5, 91), (240,3,11), (241,1, 40), (241,6, 55), (241,7,52), (242,1, 29), (242,4, 86), (242,2,41), (243,1, 42), (243,3, 19), (243,2,45), (244,1, 16), (244,3, 59), (244,2,19), (245,1, 92), (245,6, 12), (245,3,60), (246,1, 59), (246,4, 57), (246,2,22), (247,1, 73), (247,6, 57), (247,5,61), (248,1, 24), (248,4, 26), (248,3,26), (249,1, 34), (249,7, 30), (249,4,89), (250,1, 19), (250,4, 53), (250,2,36), (251,1, 99), (251,3, 19), (251,4,57), (252,1, 49), (252,4, 17), (252,3,46), (253,1, 99), (253,5, 32), (253,7,27), (254,1, 81), (254,6, 70), (254,3,67), (255,1, 74), (255,5, 91), (255,2,72), (256,1, 32), (256,7, 27), (256,5,91), (257,1, 23), (257,4, 58), (257,2,100), (258,1, 71), (258,4, 17), (258,5,21), (259,1, 41), (259,4, 96), (259,5,51), (260,1, 64), (260,7, 57), (260,5,40), (261,1, 35), (261,7, 99), (261,6,70), (262,1, 79), (262,7, 11), (262,6,31), (263,1, 42), (263,4, 79), (263,7,23), (264,1, 56), (264,5, 45), (264,2,15), (265,1, 86), (265,7, 23), (265,2,14), (266,1, 92), (266,7, 35), (266,2,76), (267,1, 54), (267,5, 28), (267,2,12), (268,1, 85), (268,3, 13), (268,4,24), (269,1, 55), (269,5, 44), (269,4,48), (270,1, 84), (270,5, 27), (270,2,53), (271,1, 88), (271,4, 88), (271,3,57), (272,1, 17), (272,6, 51), (272,3,20), (273,1, 48), (273,6, 91), (273,7,74), (274,1, 95), (274,4, 77), (274,6,29), (275,1, 20), (275,6, 83), (275,4,82), (276,1, 63), (276,3, 61), (276,4,70), (277,1, 60), (277,7, 41), (277,6,44), (278,1, 79), (278,6, 60), (278,5,69), (279,1, 96), (279,4, 64), (279,3,23), (280,1, 41), (280,3, 74), (280,6,96), (281,1, 37), (281,4, 27), (281,5,42), (282,1, 72), (282,3, 82), (282,6,89), (283,1, 75), (283,3, 10), (283,2,33), (284,1, 97), (284,5, 28), (284,6,31), (285,1, 59), (285,7, 47), (285,5,95), (286,1, 89), (286,5, 32), (286,3,57), (287,1, 12), (287,3, 88), (287,5,12), (288,1, 35), (288,7, 55), (288,6,59), (289,1, 90), (289,7, 10), (289,6,16), (290,1, 73), (290,6, 23), (290,7,81), (291,1, 74), (291,4, 22), (291,3,16), (292,1, 21), (292,6, 100), (292,7,30), (293,1, 29), (293,4, 11), (293,5,50), (294,1, 56), (294,5, 55), (294,7,76), (295,1, 71), (295,3, 18), (295,5,44), (296,1, 49), (296,6, 25), (296,7,13), (297,1, 11), (297,7, 96), (297,6,29), (298,1, 84), (298,5, 42), (298,4,17), (299,1, 44), (299,5, 82), (299,2,72), (300,1, 54), (300,5, 66), (300,4,12), (301,1, 26), (301,3, 79), (301,2,74), (302,1, 38), (302,3, 73), (302,6,25), (303,1, 52), (303,3, 31), (303,5,79), (304,1, 91), (304,5, 36), (304,2,31), (305,1, 90), (305,3, 60), (305,4,84), (306,1, 31), (306,5, 94), (306,4,20), (307,1, 55), (307,5, 50), (307,7,88), (308,1, 80), (308,6, 92), (308,4,12), (309,1, 12), (309,6, 24), (309,3,33), (310,1, 28), (310,7, 30), (310,3,98), (311,1, 53), (311,3, 71), (311,5,73), (312,1, 84), (312,5, 19), (312,3,39), (313,1, 68), (313,5, 19), (313,2,31), (314,1, 56), (314,5, 56), (314,7,64), (315,1, 94), (315,4, 21), (315,6,26), (316,1, 74), (316,5, 34), (316,6,33), (317,1, 37), (317,7, 62), (317,3,86), (318,1, 51), (318,4, 41), (318,6,62), (319,1, 26), (319,6, 42), (319,2,62), (320,1, 63), (320,4, 53), (320,6,69), (321,1, 25), (321,7, 45), (321,3,19), (322,1, 60), (322,4, 35), (322,2,52), (323,1, 42), (323,5, 85), (323,3,14), (324,1, 93), (324,3, 24), (324,6,47), (325,1, 60), (325,6, 45), (325,3,10), (326,1, 15), (326,4, 24), (326,6,73), (327,1, 36), (327,5, 66), (327,6,83), (328,1, 67), (328,3, 77), (328,7,72), (329,1, 99), (329,6, 18), (329,3,73), (330,1, 25), (330,5, 98), (330,4,63), (331,1, 45), (331,6, 80), (331,5,99), (332,1, 15), (332,4, 12), (332,7,70), (333,1, 58), (333,4, 89), (333,2,32), (334,1, 42), (334,3, 15), (334,6,16), (335,1, 54), (335,7, 18), (335,4,65), (336,1, 94), (336,5, 13), (336,3,38), (337,1, 48), (337,5, 22), (337,6,39), (338,1, 83), (338,3, 61), (338,7,50), (339,1, 24), (339,3, 88), (339,4,24), (340,1, 52), (340,5, 72), (340,3,43), (341,1, 85), (341,6, 92), (341,3,75), (342,1, 31), (342,5, 24), (342,4,86), (343,1, 37), (343,7, 91), (343,2,71), (344,1, 31), (344,3, 20), (344,7,53), (345,1, 63), (345,7, 33), (345,6,79), (346,1, 58), (346,4, 13), (346,5,73), (347,1, 84), (347,7, 98), (347,6,90), (348,1, 85), (348,6, 93), (348,3,56), (349,1, 79), (349,5, 10), (349,3,34), (350,1, 83), (350,3, 46), (350,5,65), (351,1, 89), (351,5, 68), (351,3,46), (352,1, 86), (352,3, 100), (352,6,37), (353,1, 28), (353,7, 14), (353,2,82), (354,1, 58), (354,5, 59), (354,3,66), (355,1, 31), (355,5, 11), (355,6,73), (356,1, 57), (356,4, 92), (356,6,58), (357,1, 67), (357,5, 58), (357,6,37), (358,1, 49), (358,6, 88), (358,7,38), (359,1, 78), (359,7, 28), (359,3,20), (360,1, 84), (360,5, 35), (360,7,61), (361,1, 19), (361,6, 60), (361,5,18), (362,1, 80), (362,5, 47), (362,6,18), (363,1, 13), (363,5, 50), (363,4,13), (364,1, 52), (364,6, 79), (364,4,38), (365,1, 87), (365,7, 76), (365,3,52), (366,1, 64), (366,3, 10), (366,5,58), (367,1, 53), (367,4, 38), (367,7,14), (368,1, 74), (368,4, 69), (368,2,59), (369,1, 53), (369,6, 14), (369,2,10), (370,1, 59), (370,6, 64), (370,2,11), (371,1, 26), (371,7, 61), (371,4,61), (372,1, 92), (372,5, 36), (372,4,25), (373,1, 54), (373,4, 38), (373,5,17), (374,1, 54), (374,6, 51), (374,4,69), (375,1, 82), (375,5, 46), (375,6,69), (376,1, 96), (376,4, 49), (376,5,81), (377,1, 64), (377,7, 55), (377,6,59), (378,1, 61), (378,6, 87), (378,3,31), (379,1, 42), (379,6, 43), (379,3,80), (380,1, 23), (380,3, 12), (380,6,65), (381,1, 34), (381,7, 33), (381,3,42), (382,1, 46), (382,5, 48), (382,4,59), (383,1, 66), (383,6, 89), (383,7,18), (384,1, 20), (384,7, 34), (384,4,87), (385,1, 36), (385,6, 98), (385,3,40), (386,1, 26), (386,7, 36), (386,5,84), (387,1, 98), (387,3, 25), (387,7,20), (388,1, 90), (388,3, 65), (388,6,42), (389,1, 44), (389,5, 95), (389,4,20), (390,1, 53), (390,6, 33), (390,7,43), (391,1, 19), (391,5, 14), (391,3,15), (392,1, 57), (392,4, 15), (392,2,49), (393,1, 59), (393,5, 13), (393,3,33), (394,1, 65), (394,3, 11), (394,7,37), (395,1, 75), (395,4, 89), (395,5,85), (396,1, 69), (396,7, 44), (396,6,17), (397,1, 41), (397,4, 55), (397,2,76), (398,1, 40), (398,4, 99), (398,5,11), (399,1, 13), (399,3, 74), (399,5,78), (400,1, 82), (400,6, 61), (400,2,38), (401,1, 61), (401,3, 51), (401,7,42), (402,1, 19), (402,4, 22), (402,2,31), (403,1, 59), (403,7, 64), (403,3,63), (404,1, 23), (404,5, 15), (404,6,17), (405,1, 62), (405,5, 41), (405,3,28), (406,1, 20), (406,5, 23), (406,4,39), (407,1, 14), (407,4, 15), (407,2,54), (408,1, 75), (408,4, 85), (408,3,15), (409,1, 82), (409,3, 20), (409,6,24), (410,1, 97), (410,3, 89), (410,2,86), (411,1, 54), (411,4, 11), (411,5,66), (412,1, 98), (412,6, 13), (412,5,36), (413,1, 17), (413,4, 87), (413,6,54), (414,1, 34), (414,4, 68), (414,5,89), (415,1, 21), (415,6, 67), (415,2,83), (416,1, 69), (416,4, 73), (416,7,53), (417,1, 27), (417,7, 80), (417,2,72), (418,1, 96), (418,6, 66), (418,3,68), (419,1, 76), (419,3, 38), (419,4,75), (420,1, 42), (420,6, 17), (420,7,94), (421,1, 13), (421,7, 91), (421,4,70), (422,1, 27), (422,4, 56), (422,3,85), (423,1, 48), (423,3, 12), (423,4,19), (424,1, 54), (424,3, 24), (424,2,57), (425,1, 58), (425,4, 24), (425,3,72), (426,1, 90), (426,5, 78), (426,7,81), (427,1, 48), (427,6, 34), (427,4,41), (428,1, 36), (428,6, 33), (428,4,22), (429,1, 61), (429,4, 48), (429,6,71), (430,1, 93), (430,6, 11), (430,3,100), (431,1, 94), (431,7, 57), (431,4,35), (432,1, 37), (432,6, 20), (432,7,59), (433,1, 22), (433,6, 85), (433,2,76), (434,1, 38), (434,5, 28), (434,7,93), (435,1, 44), (435,6, 60), (435,5,39), (436,1, 89), (436,7, 75), (436,2,51), (437,1, 16), (437,4, 51), (437,6,58), (438,1, 54), (438,7, 93), (438,5,28), (439,1, 67), (439,4, 20), (439,7,57), (440,1, 71), (440,7, 40), (440,6,85), (441,1, 13), (441,6, 20), (441,3,48), (442,1, 37), (442,4, 10), (442,3,83), (443,1, 19), (443,5, 37), (443,4,17), (444,1, 48), (444,6, 78), (444,3,78), (445,1, 47), (445,5, 38), (445,3,89), (446,1, 77), (446,6, 31), (446,2,68), (447,1, 86), (447,7, 40), (447,3,14), (448,1, 11), (448,4, 86), (448,7,88), (449,1, 70), (449,5, 21), (449,2,40), (450,1, 65), (450,4, 66), (450,2,19), (451,1, 71), (451,7, 38), (451,3,60), (452,1, 47), (452,3, 40), (452,6,41), (453,1, 87), (453,6, 65), (453,5,85), (454,1, 21), (454,3, 82), (454,5,20), (455,1, 52), (455,6, 26), (455,3,33), (456,1, 28), (456,3, 11), (456,2,99), (457,1, 59), (457,4, 64), (457,3,53), (458,1, 93), (458,5, 15), (458,3,35), (459,1, 60), (459,4, 41), (459,2,18), (460,1, 71), (460,5, 86), (460,3,80), (461,1, 70), (461,3, 41), (461,4,17), (462,1, 11), (462,3, 60), (462,4,37), (463,1, 39), (463,6, 65), (463,3,98), (464,1, 53), (464,4, 44), (464,6,86), (465,1, 19), (465,6, 74), (465,7,12), (466,1, 44), (466,5, 66), (466,2,48), (467,1, 28), (467,5, 66), (467,4,27), (468,1, 92), (468,5, 29), (468,2,73), (469,1, 28), (469,5, 88), (469,7,64), (470,1, 12), (470,7, 94), (470,4,41), (471,1, 92), (471,7, 61), (471,6,21), (472,1, 79), (472,4, 64), (472,5,27), (473,1, 20), (473,7, 87), (473,2,57), (474,1, 11), (474,4, 50), (474,2,54), (475,1, 10), (475,5, 49), (475,6,76), (476,1, 26), (476,3, 37), (476,6,72), (477,1, 43), (477,5, 78), (477,2,53), (478,1, 65), (478,6, 20), (478,3,39), (479,1, 16), (479,3, 27), (479,4,50), (480,1, 79), (480,5, 62), (480,7,33), (481,1, 88), (481,7, 20), (481,4,16), (482,1, 71), (482,3, 97), (482,4,28), (483,1, 22), (483,6, 100), (483,4,97), (484,1, 29), (484,3, 53), (484,5,90), (485,1, 25), (485,7, 51), (485,6,58), (486,1, 24), (486,5, 12), (486,6,99), (487,1, 15), (487,3, 46), (487,6,54), (488,1, 13), (488,6, 93), (488,5,10), (489,1, 52), (489,4, 88), (489,6,54), (490,1, 52), (490,4, 96), (490,5,15), (491,1, 93), (491,6, 68), (491,4,69), (492,1, 87), (492,5, 60), (492,7,37), (493,1, 13), (493,3, 74), (493,4,59), (494,1, 83), (494,6, 84), (494,7,17), (495,1, 51), (495,4, 57), (495,6,63), (496,1, 15), (496,4, 22), (496,5,79), (497,1, 84), (497,7, 86), (497,5,34), (498,1, 26), (498,6, 84), (498,5,43), (499,1, 78), (499,6, 44), (499,4,75), (500,1, 49), (500,6, 24), (500,7,89), (501,1, 54), (501,4, 96), (501,3,90), (502,1, 76), (502,5, 67), (502,2,17), (503,1, 60), (503,6, 18), (503,3,98), (504,1, 76), (504,4, 39), (504,6,22), (505,1, 79), (505,5, 97), (505,6,26), (506,1, 21), (506,5, 92), (506,2,23), (507,1, 83), (507,3, 14), (507,2,90), (508,1, 47), (508,5, 83), (508,2,31), (509,1, 51), (509,7, 76), (509,5,63), (510,1, 86), (510,5, 70), (510,4,51), (511,1, 53), (511,4, 76), (511,2,74), (512,1, 70), (512,5, 83), (512,6,12), (513,1, 57), (513,6, 87), (513,2,42), (514,1, 60), (514,6, 19), (514,4,60), (515,1, 15), (515,6, 52), (515,2,22), (516,1, 34), (516,5, 16), (516,4,37), (517,1, 19), (517,6, 19), (517,5,80), (518,1, 52), (518,3, 23), (518,7,34), (519,1, 80), (519,7, 95), (519,5,51), (520,1, 69), (520,3, 16), (520,5,93), (521,1, 56), (521,7, 68), (521,2,61), (522,1, 61), (522,7, 62), (522,6,78), (523,1, 55), (523,4, 79), (523,6,43), (524,1, 62), (524,4, 75), (524,6,42), (525,1, 86), (525,5, 53), (525,3,19), (526,1, 30), (526,3, 84), (526,2,41), (527,1, 100), (527,6, 66), (527,2,83), (528,1, 83), (528,4, 66), (528,5,29), (529,1, 95), (529,5, 33), (529,6,19), (530,1, 10), (530,3, 53), (530,4,15), (531,1, 12), (531,4, 23), (531,2,75), (532,1, 72), (532,7, 60), (532,5,45), (533,1, 97), (533,6, 92), (533,3,76), (534,1, 84), (534,7, 79), (534,5,12), (535,1, 83), (535,4, 91), (535,5,64), (536,1, 16), (536,4, 73), (536,3,15), (537,1, 29), (537,3, 47), (537,5,49), (538,1, 94), (538,3, 56), (538,7,31), (539,1, 40), (539,4, 51), (539,3,11), (540,1, 89), (540,5, 94), (540,7,76), (541,1, 39), (541,4, 92), (541,7,40), (542,1, 71), (542,4, 17), (542,7,37), (543,1, 30), (543,7, 43), (543,2,94), (544,1, 73), (544,4, 87), (544,6,98), (545,1, 66), (545,3, 74), (545,7,51), (546,1, 16), (546,3, 33), (546,6,90), (547,1, 94), (547,6, 67), (547,5,83), (548,1, 50), (548,5, 54), (548,2,58), (549,1, 50), (549,7, 81), (549,5,37), (550,1, 96), (550,5, 36), (550,7,71), (551,1, 16), (551,3, 55), (551,5,70), (552,1, 69), (552,5, 47), (552,6,65), (553,1, 31), (553,5, 95), (553,3,55), (554,1, 12), (554,3, 51), (554,7,49), (555,1, 15), (555,6, 59), (555,2,18), (556,1, 78), (556,7, 23), (556,3,97), (557,1, 47), (557,3, 78), (557,4,51), (558,1, 99), (558,7, 55), (558,4,23), (559,1, 71), (559,7, 61), (559,6,32), (560,1, 54), (560,7, 63), (560,5,15), (561,1, 69), (561,4, 76), (561,5,72), (562,1, 100), (562,4, 71), (562,5,63), (563,1, 85), (563,5, 100), (563,3,40), (564,1, 27), (564,5, 71), (564,6,95), (565,1, 79), (565,7, 76), (565,3,54), (566,1, 24), (566,6, 33), (566,5,68), (567,1, 20), (567,4, 49), (567,6,99), (568,1, 23), (568,4, 32), (568,6,60), (569,1, 23), (569,6, 42), (569,7,52), (570,1, 70), (570,7, 53), (570,6,62), (571,1, 92), (571,4, 35), (571,6,53), (572,1, 17), (572,4, 31), (572,7,67), (573,1, 40), (573,7, 76), (573,4,27), (574,1, 81), (574,4, 37), (574,6,85), (575,1, 44), (575,4, 12), (575,2,63), (576,1, 22), (576,4, 13), (576,5,96), (577,1, 86), (577,7, 11), (577,2,22), (578,1, 27), (578,4, 22), (578,3,38), (579,1, 24), (579,7, 46), (579,6,77), (580,1, 52), (580,7, 50), (580,2,87), (581,1, 58), (581,3, 99), (581,4,56), (582,1, 31), (582,4, 32), (582,5,95), (583,1, 69), (583,3, 68), (583,4,13), (584,1, 27), (584,7, 34), (584,2,48), (585,1, 57), (585,3, 63), (585,7,64), (586,1, 70), (586,6, 60), (586,4,86), (587,1, 43), (587,6, 66), (587,3,39), (588,1, 76), (588,4, 93), (588,6,16), (589,1, 45), (589,5, 82), (589,2,73), (590,1, 83), (590,4, 60), (590,7,84), (591,1, 64), (591,4, 58), (591,2,34), (592,1, 26), (592,4, 100), (592,2,69), (593,1, 61), (593,5, 62), (593,4,63), (594,1, 70), (594,5, 13), (594,7,59), (595,1, 23), (595,5, 37), (595,3,59), (596,1, 85), (596,3, 44), (596,6,61), (597,1, 35), (597,6, 20), (597,3,53), (598,1, 81), (598,6, 77), (598,7,16), (599,1, 99), (599,4, 57), (599,5,28), (600,1, 86), (600,4, 91), (600,7,23), (601,1, 98), (601,5, 42), (601,3,46), (602,1, 44), (602,7, 30), (602,4,86), (603,1, 60), (603,6, 94), (603,4,79), (604,1, 100), (604,5, 41), (604,7,61), (605,1, 29), (605,4, 94), (605,5,54), (606,1, 22), (606,6, 28), (606,4,26), (607,1, 93), (607,7, 49), (607,6,13), (608,1, 48), (608,5, 21), (608,4,84), (609,1, 95), (609,3, 23), (609,2,98), (610,1, 41), (610,7, 16), (610,2,16), (611,1, 46), (611,4, 65), (611,2,41), (612,1, 55), (612,4, 52), (612,2,35), (613,1, 78), (613,4, 98), (613,2,36), (614,1, 35), (614,6, 64), (614,2,77), (615,1, 32), (615,6, 51), (615,3,24), (616,1, 66), (616,3, 94), (616,5,70), (617,1, 22), (617,6, 78), (617,5,71), (618,1, 14), (618,6, 25), (618,7,23), (619,1, 82), (619,6, 84), (619,3,61), (620,1, 77), (620,5, 45), (620,6,78), (621,1, 10), (621,4, 46), (621,3,63), (622,1, 34), (622,5, 45), (622,4,67), (623,1, 46), (623,3, 60), (623,6,34), (624,1, 88), (624,4, 47), (624,3,38), (625,1, 51), (625,4, 74), (625,2,56), (626,1, 94), (626,4, 30), (626,6,18), (627,1, 67), (627,6, 16), (627,7,67), (628,1, 19), (628,7, 14), (628,3,35), (629,1, 70), (629,3, 86), (629,5,72), (630,1, 68), (630,7, 79), (630,3,20), (631,1, 12), (631,4, 93), (631,5,26), (632,1, 63), (632,5, 55), (632,3,93), (633,1, 24), (633,7, 24), (633,2,45), (634,1, 75), (634,6, 23), (634,3,87), (635,1, 16), (635,3, 66), (635,4,86), (636,1, 94), (636,5, 32), (636,3,55), (637,1, 49), (637,5, 88), (637,4,92), (638,1, 79), (638,4, 65), (638,7,65), (639,1, 33), (639,6, 56), (639,4,24), (640,1, 26), (640,3, 17), (640,7,74), (641,1, 64), (641,7, 99), (641,6,55), (642,1, 10), (642,7, 99), (642,2,51), (643,1, 35), (643,4, 80), (643,2,38), (644,1, 87), (644,3, 14), (644,2,28), (645,1, 72), (645,3, 15), (645,7,77), (646,1, 32), (646,3, 69), (646,7,91), (647,1, 66), (647,4, 11), (647,5,24), (648,1, 43), (648,3, 40), (648,7,45), (649,1, 97), (649,7, 26), (649,6,40), (650,1, 94), (650,3, 19), (650,4,58), (651,1, 95), (651,7, 83), (651,3,40), (652,1, 30), (652,3, 84), (652,2,89), (653,1, 47), (653,7, 62), (653,4,43), (654,1, 47), (654,6, 61), (654,3,19), (655,1, 64), (655,3, 57), (655,6,13), (656,1, 39), (656,5, 95), (656,7,83), (657,1, 20), (657,7, 26), (657,3,76), (658,1, 42), (658,7, 43), (658,5,28), (659,1, 32), (659,5, 44), (659,2,88), (660,1, 33), (660,5, 76), (660,7,65), (661,1, 52), (661,3, 36), (661,7,86), (662,1, 64), (662,3, 27), (662,6,66), (663,1, 96), (663,6, 37), (663,7,84), (664,1, 51), (664,7, 18), (664,2,48), (665,1, 63), (665,4, 37), (665,5,12), (666,1, 84), (666,5, 92), (666,4,13), (667,1, 95), (667,5, 28), (667,6,60), (668,1, 56), (668,4, 14), (668,2,89), (669,1, 86), (669,3, 48), (669,2,93), (670,1, 58), (670,6, 68), (670,7,42), (671,1, 20), (671,6, 57), (671,7,37), (672,1, 46), (672,6, 42), (672,4,20), (673,1, 21), (673,5, 33), (673,2,78), (674,1, 99), (674,7, 42), (674,3,99), (675,1, 69), (675,3, 14), (675,7,36), (676,1, 65), (676,4, 63), (676,3,75), (677,1, 73), (677,4, 91), (677,2,99), (678,1, 81), (678,5, 52), (678,4,30), (679,1, 95), (679,5, 43), (679,2,42), (680,1, 47), (680,3, 80), (680,6,69), (681,1, 67), (681,5, 96), (681,4,15), (682,1, 37), (682,4, 19), (682,7,68), (683,1, 67), (683,3, 26), (683,2,43), (684,1, 96), (684,7, 77), (684,3,31), (685,1, 100), (685,6, 14), (685,7,95), (686,1, 52), (686,7, 84), (686,3,89), (687,1, 89), (687,5, 33), (687,4,84), (688,1, 37), (688,7, 63), (688,4,97), (689,1, 10), (689,5, 37), (689,4,55), (690,1, 52), (690,3, 52), (690,6,83), (691,1, 70), (691,6, 51), (691,4,95), (692,1, 97), (692,5, 20), (692,6,98), (693,1, 35), (693,6, 75), (693,5,99), (694,1, 25), (694,4, 29), (694,5,17), (695,1, 22), (695,5, 62), (695,3,19), (696,1, 98), (696,4, 20), (696,3,80), (697,1, 60), (697,7, 38), (697,6,56), (698,1, 98), (698,5, 77), (698,6,18), (699,1, 88), (699,7, 54), (699,5,64), (700,1, 20), (700,5, 65), (700,3,73), (701,1, 38), (701,3, 63), (701,6,71), (702,1, 70), (702,7, 92), (702,2,70), (703,1, 10), (703,7, 13), (703,2,44), (704,1, 42), (704,5, 63), (704,2,100), (705,1, 93), (705,7, 18), (705,2,54), (706,1, 100), (706,5, 95), (706,3,49), (707,1, 34), (707,3, 72), (707,2,86), (708,1, 53), (708,7, 95), (708,3,20), (709,1, 17), (709,6, 89), (709,4,65), (710,1, 85), (710,7, 84), (710,4,41), (711,1, 40), (711,4, 37), (711,7,59), (712,1, 85), (712,3, 94), (712,7,10), (713,1, 83), (713,7, 82), (713,4,84), (714,1, 78), (714,6, 53), (714,3,28), (715,1, 37), (715,5, 99), (715,7,32), (716,1, 27), (716,3, 93), (716,6,62), (717,1, 64), (717,5, 11), (717,3,53), (718,1, 28), (718,6, 46), (718,7,56), (719,1, 45), (719,6, 56), (719,2,95), (720,1, 55), (720,5, 57), (720,4,11), (721,1, 30), (721,3, 14), (721,2,96), (722,1, 27), (722,7, 68), (722,2,81), (723,1, 20), (723,7, 45), (723,2,47), (724,1, 50), (724,6, 21), (724,4,88), (725,1, 46), (725,6, 76), (725,5,81), (726,1, 20), (726,7, 42), (726,5,74), (727,1, 27), (727,5, 71), (727,7,96), (728,1, 56), (728,6, 84), (728,7,44), (729,1, 100), (729,6, 100), (729,2,99), (730,1, 92), (730,6, 75), (730,7,98), (731,1, 11), (731,3, 51), (731,5,15), (732,1, 61), (732,3, 59), (732,7,98), (733,1, 51), (733,3, 91), (733,5,91), (734,1, 44), (734,7, 53), (734,5,22), (735,1, 52), (735,6, 44), (735,3,12), (736,1, 21), (736,5, 56), (736,7,57), (737,1, 30), (737,3, 92), (737,6,61), (738,1, 25), (738,6, 22), (738,4,58), (739,1, 19), (739,4, 91), (739,2,26), (740,1, 99), (740,5, 38), (740,6,56), (741,1, 58), (741,6, 52), (741,2,77), (742,1, 81), (742,5, 90), (742,2,85), (743,1, 36), (743,6, 38), (743,7,62), (744,1, 45), (744,5, 36), (744,7,88), (745,1, 39), (745,6, 60), (745,5,54), (746,1, 52), (746,5, 36), (746,6,75), (747,1, 48), (747,3, 86), (747,5,88), (748,1, 39), (748,4, 26), (748,2,62), (749,1, 36), (749,6, 36), (749,5,14), (750,1, 86), (750,7, 28), (750,5,83), (751,1, 53), (751,5, 71), (751,6,36), (752,1, 74), (752,5, 55), (752,3,63), (753,1, 30), (753,3, 89), (753,7,78), (754,1, 84), (754,3, 47), (754,7,84), (755,1, 56), (755,4, 81), (755,2,46), (756,1, 68), (756,7, 68), (756,2,15), (757,1, 35), (757,3, 73), (757,6,82), (758,1, 11), (758,5, 37), (758,2,74), (759,1, 72), (759,3, 34), (759,6,87), (760,1, 88), (760,4, 11), (760,2,18), (761,1, 83), (761,3, 13), (761,7,96), (762,1, 81), (762,5, 86), (762,2,23), (763,1, 52), (763,4, 37), (763,5,47), (764,1, 92), (764,7, 87), (764,5,27), (765,1, 21), (765,3, 85), (765,4,60), (766,1, 84), (766,7, 69), (766,4,58), (767,1, 67), (767,4, 40), (767,2,32), (768,1, 37), (768,7, 88), (768,4,21), (769,1, 11), (769,4, 22), (769,5,53), (770,1, 16), (770,3, 40), (770,6,55), (771,1, 48), (771,6, 69), (771,7,50), (772,1, 39), (772,6, 89), (772,5,88), (773,1, 46), (773,7, 27), (773,2,30), (774,1, 24), (774,3, 99), (774,7,94), (775,1, 43), (775,3, 54), (775,6,79), (776,1, 22), (776,6, 49), (776,5,74), (777,1, 100), (777,6, 34), (777,2,28), (778,1, 67), (778,3, 50), (778,7,53), (779,1, 73), (779,6, 92), (779,4,85), (780,1, 12), (780,7, 33), (780,2,98), (781,1, 31), (781,7, 19), (781,4,53), (782,1, 91), (782,6, 32), (782,3,75), (783,1, 45), (783,5, 10), (783,2,42), (784,1, 47), (784,6, 63), (784,3,71), (785,1, 74), (785,3, 54), (785,4,69), (786,1, 67), (786,5, 35), (786,4,37), (787,1, 91), (787,4, 93), (787,6,30), (788,1, 29), (788,7, 25), (788,6,69), (789,1, 20), (789,5, 93), (789,7,61), (790,1, 34), (790,4, 87), (790,5,48), (791,1, 30), (791,7, 92), (791,6,10), (792,1, 36), (792,4, 49), (792,2,94), (793,1, 73), (793,3, 44), (793,4,24), (794,1, 61), (794,7, 29), (794,5,89), (795,1, 85), (795,4, 64), (795,5,43), (796,1, 57), (796,7, 77), (796,4,93), (797,1, 73), (797,6, 15), (797,2,13), (798,1, 57), (798,7, 78), (798,4,91), (799,1, 47), (799,5, 66), (799,6,77), (800,1, 68), (800,7, 83), (800,5,25), (801,1, 86), (801,4, 12), (801,3,69), (802,1, 72), (802,4, 89), (802,2,22), (803,1, 85), (803,6, 39), (803,5,52), (804,1, 41), (804,4, 85), (804,2,66), (805,1, 31), (805,7, 16), (805,6,50), (806,1, 72), (806,7, 24), (806,6,20), (807,1, 69), (807,5, 15), (807,7,84), (808,1, 26), (808,5, 28), (808,6,35), (809,1, 73), (809,4, 100), (809,7,24), (810,1, 53), (810,6, 38), (810,3,93), (811,1, 84), (811,6, 90), (811,4,34), (812,1, 87), (812,5, 74), (812,6,54), (813,1, 15), (813,7, 56), (813,3,98), (814,1, 25), (814,5, 94), (814,7,32), (815,1, 60), (815,6, 94), (815,5,21), (816,1, 97), (816,7, 21), (816,3,64), (817,1, 41), (817,6, 60), (817,5,100), (818,1, 34), (818,5, 43), (818,3,82), (819,1, 86), (819,3, 55), (819,7,21), (820,1, 45), (820,4, 80), (820,5,86), (821,1, 10), (821,5, 99), (821,4,31), (822,1, 45), (822,6, 61), (822,3,81), (823,1, 79), (823,7, 42), (823,2,100), (824,1, 92), (824,5, 90), (824,6,57), (825,1, 63), (825,3, 67), (825,7,92), (826,1, 37), (826,5, 44), (826,3,97), (827,1, 40), (827,6, 35), (827,2,41), (828,1, 82), (828,5, 100), (828,2,27), (829,1, 79), (829,7, 61), (829,4,81), (830,1, 51), (830,4, 17), (830,6,61), (831,1, 14), (831,4, 60), (831,2,54), (832,1, 65), (832,6, 66), (832,5,12), (833,1, 11), (833,6, 85), (833,2,95), (834,1, 61), (834,7, 87), (834,4,39), (835,1, 62), (835,7, 72), (835,4,11), (836,1, 26), (836,6, 94), (836,2,58), (837,1, 45), (837,6, 86), (837,2,14), (838,1, 91), (838,6, 83), (838,3,100), (839,1, 36), (839,6, 98), (839,2,86), (840,1, 25), (840,4, 87), (840,6,89), (841,1, 39), (841,4, 52), (841,5,19), (842,1, 57), (842,4, 72), (842,3,55), (843,1, 20), (843,6, 71), (843,5,82), (844,1, 52), (844,6, 87), (844,4,13), (845,1, 37), (845,4, 26), (845,7,42), (846,1, 65), (846,7, 86), (846,6,20), (847,1, 51), (847,5, 49), (847,7,21), (848,1, 22), (848,3, 56), (848,6,50), (849,1, 23), (849,4, 35), (849,6,86), (850,1, 50), (850,6, 64), (850,7,82), (851,1, 59), (851,7, 60), (851,3,34), (852,1, 66), (852,4, 77), (852,5,61), (853,1, 71), (853,4, 87), (853,5,74), (854,1, 55), (854,6, 26), (854,3,40), (855,1, 13), (855,4, 18), (855,5,78), (856,1, 87), (856,7, 36), (856,6,30), (857,1, 38), (857,6, 74), (857,4,60), (858,1, 13), (858,3, 56), (858,7,80), (859,1, 11), (859,3, 13), (859,2,50), (860,1, 23), (860,7, 80), (860,4,22), (861,1, 35), (861,5, 94), (861,2,40), (862,1, 97), (862,5, 21), (862,7,83), (863,1, 76), (863,7, 98), (863,5,74), (864,1, 86), (864,6, 39), (864,3,26), (865,1, 30), (865,6, 95), (865,7,26), (866,1, 65), (866,7, 38), (866,2,92), (867,1, 44), (867,7, 55), (867,2,14), (868,1, 56), (868,6, 69), (868,5,12), (869,1, 39), (869,5, 48), (869,6,40), (870,1, 57), (870,4, 55), (870,5,44), (871,1, 38), (871,6, 80), (871,2,28), (872,1, 92), (872,7, 19), (872,2,100), (873,1, 69), (873,5, 91), (873,4,19), (874,1, 14), (874,4, 42), (874,2,41), (875,1, 70), (875,4, 94), (875,6,24), (876,1, 67), (876,6, 51), (876,3,86), (877,1, 39), (877,7, 17), (877,3,88), (878,1, 38), (878,5, 57), (878,3,10), (879,1, 74), (879,5, 34), (879,3,94), (880,1, 93), (880,7, 16), (880,3,81), (881,1, 27), (881,7, 18), (881,6,69), (882,1, 20), (882,5, 83), (882,7,29), (883,1, 53), (883,3, 23), (883,4,22), (884,1, 70), (884,7, 15), (884,2,80), (885,1, 30), (885,7, 47), (885,3,40), (886,1, 78), (886,3, 18), (886,7,98), (887,1, 37), (887,7, 100), (887,2,43), (888,1, 80), (888,7, 26), (888,5,75), (889,1, 83), (889,5, 53), (889,7,65), (890,1, 53), (890,7, 12), (890,2,38), (891,1, 89), (891,6, 35), (891,5,54), (892,1, 24), (892,5, 42), (892,7,99), (893,1, 68), (893,4, 50), (893,5,54), (894,1, 15), (894,4, 49), (894,7,29), (895,1, 49), (895,5, 65), (895,6,52), (896,1, 15), (896,3, 50), (896,7,11), (897,1, 27), (897,3, 63), (897,6,55), (898,1, 70), (898,7, 76), (898,3,40), (899,1, 12), (899,7, 64), (899,6,79), (900,1, 94), (900,7, 79), (900,5,71), (901,1, 74), (901,4, 89), (901,7,79), (902,1, 40), (902,6, 58), (902,4,30), (903,1, 74), (903,7, 31), (903,6,80), (904,1, 15), (904,7, 97), (904,5,76), (905,1, 99), (905,4, 42), (905,7,50), (906,1, 40), (906,6, 44), (906,2,92), (907,1, 86), (907,5, 87), (907,4,30), (908,1, 85), (908,3, 60), (908,2,53), (909,1, 68), (909,5, 95), (909,4,30), (910,1, 94), (910,4, 59), (910,6,11), (911,1, 21), (911,7, 61), (911,5,38), (912,1, 72), (912,4, 42), (912,3,93), (913,1, 30), (913,4, 22), (913,3,70), (914,1, 74), (914,4, 40), (914,5,21), (915,1, 59), (915,6, 35), (915,7,20), (916,1, 51), (916,4, 23), (916,3,41), (917,1, 56), (917,5, 16), (917,7,53), (918,1, 37), (918,4, 71), (918,6,100), (919,1, 30), (919,7, 90), (919,2,52), (920,1, 87), (920,5, 84), (920,7,81), (921,1, 19), (921,3, 99), (921,6,41), (922,1, 52), (922,7, 84), (922,4,84), (923,1, 92), (923,7, 81), (923,3,71), (924,1, 14), (924,4, 39), (924,6,51), (925,1, 82), (925,6, 99), (925,4,15), (926,1, 50), (926,6, 38), (926,2,96), (927,1, 29), (927,4, 93), (927,7,51), (928,1, 14), (928,7, 79), (928,4,72), (929,1, 73), (929,3, 48), (929,7,14), (930,1, 31), (930,5, 12), (930,2,62), (931,1, 70), (931,6, 56), (931,3,18), (932,1, 22), (932,4, 81), (932,7,77), (933,1, 61), (933,5, 83), (933,4,74), (934,1, 12), (934,6, 56), (934,5,53), (935,1, 85), (935,4, 85), (935,6,43), (936,1, 30), (936,6, 12), (936,5,38), (937,1, 57), (937,5, 78), (937,3,66), (938,1, 71), (938,6, 37), (938,7,22), (939,1, 73), (939,3, 41), (939,4,71), (940,1, 93), (940,3, 62), (940,7,73), (941,1, 45), (941,3, 78), (941,5,21), (942,1, 88), (942,4, 75), (942,5,49), (943,1, 59), (943,5, 92), (943,7,96), (944,1, 58), (944,6, 84), (944,7,55), (945,1, 71), (945,6, 76), (945,2,96), (946,1, 68), (946,6, 75), (946,2,29), (947,1, 51), (947,5, 92), (947,6,78), (948,1, 92), (948,4, 32), (948,2,25), (949,1, 51), (949,3, 82), (949,7,95), (950,1, 34), (950,7, 83), (950,5,31), (951,1, 37), (951,7, 78), (951,6,56), (952,1, 76), (952,6, 66), (952,3,29), (953,1, 50), (953,3, 40), (953,5,95), (954,1, 66), (954,4, 14), (954,2,92), (955,1, 57), (955,4, 42), (955,5,92), (956,1, 60), (956,6, 19), (956,2,65), (957,1, 63), (957,4, 57), (957,7,83), (958,1, 50), (958,7, 28), (958,6,93), (959,1, 14), (959,7, 35), (959,2,61), (960,1, 76), (960,7, 86), (960,3,61), (961,1, 29), (961,4, 47), (961,3,62), (962,1, 56), (962,5, 38), (962,4,15), (963,1, 51), (963,4, 52), (963,6,48), (964,1, 13), (964,5, 45), (964,4,64), (965,1, 83), (965,7, 86), (965,2,14), (966,1, 62), (966,4, 24), (966,5,99), (967,1, 52), (967,6, 34), (967,7,88), (968,1, 31), (968,6, 45), (968,4,13), (969,1, 95), (969,3, 45), (969,6,49), (970,1, 42), (970,5, 32), (970,3,73), (971,1, 81), (971,5, 16), (971,2,76), (972,1, 39), (972,4, 97), (972,6,81), (973,1, 97), (973,5, 97), (973,4,17), (974,1, 69), (974,3, 28), (974,6,25), (975,1, 28), (975,3, 18), (975,6,73), (976,1, 99), (976,3, 24), (976,2,33), (977,1, 69), (977,5, 56), (977,6,72), (978,1, 42), (978,7, 60), (978,5,74), (979,1, 65), (979,6, 80), (979,7,83), (980,1, 91), (980,5, 76), (980,6,55), (981,1, 69), (981,4, 59), (981,5,81), (982,1, 97), (982,4, 29), (982,6,76), (983,1, 17), (983,4, 22), (983,3,85), (984,1, 65), (984,3, 99), (984,2,38), (985,1, 73), (985,4, 40), (985,5,14), (986,1, 92), (986,5, 76), (986,7,53), (987,1, 93), (987,5, 24), (987,7,61), (988,1, 98), (988,7, 50), (988,5,24), (989,1, 48), (989,7, 91), (989,4,22), (990,1, 16), (990,4, 41), (990,6,63), (991,1, 21), (991,4, 52), (991,5,79), (992,1, 48), (992,6, 70), (992,4,87), (993,1, 67), (993,5, 23), (993,2,58), (994,1, 70), (994,5, 53), (994,7,29), (995,1, 26), (995,3, 16), (995,5,74), (996,1, 15), (996,7, 71), (996,5,41), (997,1, 19), (997,3, 39), (997,2,81), (998,1, 95), (998,7, 36), (998,4,29), (999,1, 74), (999,5, 79), (999,6,74), (1000,1, 44), (1000,5, 51), (1000,4,60);
INSERT INTO user_information_roles (ROLES, USER_INFORMATION_ID) VALUES (1,1), (2,1), (0,2), (0,3), (0,4), (2,4), (0,5), (0,6), (0,7), (2,7), (0,8), (0,9), (0,10), (2,10), (0,11), (2,11), (0,12), (2,12), (0,13), (2,13), (0,14), (2,14), (0,15), (2,15), (0,16), (0,17), (0,18), (2,18), (0,19), (2,19), (0,20), (2,20), (0,21), (2,21), (0,22), (2,22), (0,23), (2,23), (0,24), (2,24), (0,25), (2,25), (0,26), (2,26), (0,27), (2,27), (0,28), (2,28), (0,29), (2,29), (0,30), (2,30), (0,31), (0,32), (2,32), (0,33), (0,34), (2,34), (0,35), (2,35), (0,36), (0,37), (0,38), (2,38), (0,39), (2,39), (0,40), (2,40), (0,41), (2,41), (0,42), (2,42), (0,43), (2,43), (0,44), (0,45), (2,45), (0,46), (2,46), (0,47), (0,48), (0,49), (2,49), (0,50), (0,51), (0,52), (0,53), (2,53), (0,54), (2,54), (0,55), (2,55), (0,56), (2,56), (0,57), (2,57), (0,58), (0,59), (2,59), (0,60), (0,61), (2,61), (0,62), (2,62), (0,63), (2,63), (0,64), (2,64), (0,65), (2,65), (0,66), (2,66), (0,67), (2,67), (0,68), (2,68), (0,69), (2,69), (0,70), (2,70), (0,71), (0,72), (2,72), (0,73), (2,73), (0,74), (2,74), (0,75), (2,75), (0,76), (2,76), (0,77), (2,77), (0,78), (2,78), (0,79), (2,79), (0,80), (2,80), (0,81), (2,81), (0,82), (0,83), (2,83), (0,84), (2,84), (0,85), (2,85), (0,86), (2,86), (0,87), (2,87), (0,88), (2,88), (0,89), (2,89), (0,90), (2,90), (0,91), (2,91), (0,92), (2,92), (0,93), (0,94), (2,94), (0,95), (2,95), (0,96), (2,96), (0,97), (2,97), (0,98), (2,98), (0,99), (2,99), (0,100), (2,100), (0,101), (2,101), (0,102), (2,102), (0,103), (2,103), (0,104), (2,104), (0,105), (2,105), (0,106), (0,107), (2,107), (0,108), (2,108), (0,109), (2,109), (0,110), (2,110), (0,111), (2,111), (0,112), (0,113), (2,113), (0,114), (2,114), (0,115), (2,115), (0,116), (2,116), (0,117), (0,118), (2,118), (0,119), (2,119), (0,120), (2,120), (0,121), (0,122), (2,122), (0,123), (2,123), (0,124), (2,124), (0,125), (0,126), (2,126), (0,127), (2,127), (0,128), (2,128), (0,129), (2,129), (0,130), (2,130), (0,131), (2,131), (0,132), (0,133), (2,133), (0,134), (2,134), (0,135), (2,135), (0,136), (2,136), (0,137), (2,137), (0,138), (2,138), (0,139), (2,139), (0,140), (2,140), (0,141), (2,141), (0,142), (2,142), (0,143), (2,143), (0,144), (2,144), (0,145), (0,146), (2,146), (0,147), (2,147), (0,148), (0,149), (2,149), (0,150), (2,150), (0,151), (2,151), (0,152), (2,152), (0,153), (0,154), (2,154), (0,155), (2,155), (0,156), (2,156), (0,157), (2,157), (0,158), (2,158), (0,159), (0,160), (2,160), (0,161), (2,161), (0,162), (0,163), (2,163), (0,164), (0,165), (2,165), (0,166), (2,166), (0,167), (0,168), (2,168), (0,169), (0,170), (2,170), (0,171), (2,171), (0,172), (2,172), (0,173), (2,173), (0,174), (2,174), (0,175), (2,175), (0,176), (2,176), (0,177), (2,177), (0,178), (2,178), (0,179), (0,180), (2,180), (0,181), (2,181), (0,182), (2,182), (0,183), (0,184), (0,185), (2,185), (0,186), (0,187), (0,188), (2,188), (0,189), (2,189), (0,190), (0,191), (2,191), (0,192), (2,192), (0,193), (2,193), (0,194), (2,194), (0,195), (2,195), (0,196), (2,196), (0,197), (2,197), (0,198), (0,199), (2,199), (0,200), (2,200), (0,201), (2,201), (0,202), (2,202), (0,203), (2,203), (0,204), (2,204), (0,205), (2,205), (0,206), (2,206), (0,207), (0,208), (2,208), (0,209), (2,209), (0,210), (0,211), (2,211), (0,212), (2,212), (0,213), (2,213), (0,214), (2,214), (0,215), (2,215), (0,216), (2,216), (0,217), (2,217), (0,218), (2,218), (0,219), (0,220), (0,221), (0,222), (2,222), (0,223), (2,223), (0,224), (2,224), (0,225), (0,226), (2,226), (0,227), (2,227), (0,228), (2,228), (0,229), (2,229), (0,230), (2,230), (0,231), (0,232), (2,232), (0,233), (2,233), (0,234), (2,234), (0,235), (0,236), (2,236), (0,237), (2,237), (0,238), (2,238), (0,239), (2,239), (0,240), (0,241), (2,241), (0,242), (2,242), (0,243), (2,243), (0,244), (0,245), (2,245), (0,246), (0,247), (2,247), (0,248), (0,249), (2,249), (0,250), (0,251), (0,252), (2,252), (0,253), (2,253), (0,254), (2,254), (0,255), (2,255), (0,256), (0,257), (2,257), (0,258), (2,258), (0,259), (2,259), (0,260), (2,260), (0,261), (2,261), (0,262), (2,262), (0,263), (0,264), (0,265), (2,265), (0,266), (2,266), (0,267), (0,268), (2,268), (0,269), (0,270), (2,270), (0,271), (2,271), (0,272), (0,273), (0,274), (2,274), (0,275), (2,275), (0,276), (2,276), (0,277), (2,277), (0,278), (2,278), (0,279), (0,280), (2,280), (0,281), (2,281), (0,282), (2,282), (0,283), (0,284), (2,284), (0,285), (2,285), (0,286), (2,286), (0,287), (0,288), (2,288), (0,289), (2,289), (0,290), (2,290), (0,291), (0,292), (2,292), (0,293), (2,293), (0,294), (2,294), (0,295), (2,295), (0,296), (2,296), (0,297), (0,298), (2,298), (0,299), (2,299), (0,300), (2,300), (0,301), (0,302), (2,302), (0,303), (2,303), (0,304), (0,305), (2,305), (0,306), (2,306), (0,307), (2,307), (0,308), (0,309), (2,309), (0,310), (2,310), (0,311), (0,312), (0,313), (2,313), (0,314), (2,314), (0,315), (0,316), (2,316), (0,317), (2,317), (0,318), (2,318), (0,319), (2,319), (0,320), (0,321), (2,321), (0,322), (2,322), (0,323), (2,323), (0,324), (2,324), (0,325), (2,325), (0,326), (2,326), (0,327), (2,327), (0,328), (0,329), (0,330), (2,330), (0,331), (0,332), (2,332), (0,333), (2,333), (0,334), (2,334), (0,335), (0,336), (2,336), (0,337), (2,337), (0,338), (0,339), (2,339), (0,340), (2,340), (0,341), (0,342), (2,342), (0,343), (2,343), (0,344), (2,344), (0,345), (2,345), (0,346), (2,346), (0,347), (2,347), (0,348), (0,349), (2,349), (0,350), (0,351), (2,351), (0,352), (2,352), (0,353), (2,353), (0,354), (2,354), (0,355), (2,355), (0,356), (2,356), (0,357), (2,357), (0,358), (2,358), (0,359), (2,359), (0,360), (0,361), (0,362), (2,362), (0,363), (0,364), (2,364), (0,365), (2,365), (0,366), (2,366), (0,367), (2,367), (0,368), (2,368), (0,369), (2,369), (0,370), (2,370), (0,371), (0,372), (2,372), (0,373), (2,373), (0,374), (2,374), (0,375), (2,375), (0,376), (2,376), (0,377), (2,377), (0,378), (2,378), (0,379), (2,379), (0,380), (2,380), (0,381), (2,381), (0,382), (2,382), (0,383), (2,383), (0,384), (2,384), (0,385), (2,385), (0,386), (2,386), (0,387), (0,388), (2,388), (0,389), (0,390), (2,390), (0,391), (2,391), (0,392), (2,392), (0,393), (0,394), (0,395), (2,395), (0,396), (2,396), (0,397), (0,398), (0,399), (2,399), (0,400), (2,400), (0,401), (0,402), (0,403), (2,403), (0,404), (2,404), (0,405), (0,406), (0,407), (0,408), (2,408), (0,409), (2,409), (0,410), (0,411), (2,411), (0,412), (2,412), (0,413), (2,413), (0,414), (2,414), (0,415), (2,415), (0,416), (2,416), (0,417), (2,417), (0,418), (2,418), (0,419), (2,419), (0,420), (2,420), (0,421), (2,421), (0,422), (2,422), (0,423), (2,423), (0,424), (0,425), (2,425), (0,426), (2,426), (0,427), (0,428), (0,429), (2,429), (0,430), (2,430), (0,431), (2,431), (0,432), (0,433), (2,433), (0,434), (0,435), (2,435), (0,436), (2,436), (0,437), (2,437), (0,438), (2,438), (0,439), (2,439), (0,440), (2,440), (0,441), (2,441), (0,442), (0,443), (2,443), (0,444), (2,444), (0,445), (2,445), (0,446), (2,446), (0,447), (2,447), (0,448), (2,448), (0,449), (2,449), (0,450), (2,450), (0,451), (2,451), (0,452), (2,452), (0,453), (2,453), (0,454), (2,454), (0,455), (0,456), (2,456), (0,457), (2,457), (0,458), (2,458), (0,459), (2,459), (0,460), (2,460), (0,461), (0,462), (0,463), (0,464), (2,464), (0,465), (2,465), (0,466), (2,466), (0,467), (0,468), (2,468), (0,469), (2,469), (0,470), (2,470), (0,471), (2,471), (0,472), (0,473), (0,474), (2,474), (0,475), (2,475), (0,476), (2,476), (0,477), (2,477), (0,478), (2,478), (0,479), (2,479), (0,480), (0,481), (0,482), (2,482), (0,483), (2,483), (0,484), (0,485), (2,485), (0,486), (2,486), (0,487), (2,487), (0,488), (2,488), (0,489), (2,489), (0,490), (2,490), (0,491), (2,491), (0,492), (2,492), (0,493), (2,493), (0,494), (2,494), (0,495), (0,496), (2,496), (0,497), (2,497), (0,498), (2,498), (0,499), (2,499), (0,500), (0,501), (2,501), (0,502), (2,502), (0,503), (0,504), (2,504), (0,505), (0,506), (2,506), (0,507), (0,508), (0,509), (0,510), (2,510), (0,511), (2,511), (0,512), (0,513), (2,513), (0,514), (2,514), (0,515), (2,515), (0,516), (0,517), (2,517), (0,518), (2,518), (0,519), (2,519), (0,520), (2,520), (0,521), (2,521), (0,522), (2,522), (0,523), (2,523), (0,524), (2,524), (0,525), (2,525), (0,526), (2,526), (0,527), (0,528), (2,528), (0,529), (2,529), (0,530), (2,530), (0,531), (2,531), (0,532), (2,532), (0,533), (2,533), (0,534), (2,534), (0,535), (2,535), (0,536), (2,536), (0,537), (2,537), (0,538), (0,539), (2,539), (0,540), (2,540), (0,541), (0,542), (0,543), (2,543), (0,544), (0,545), (2,545), (0,546), (2,546), (0,547), (2,547), (0,548), (0,549), (2,549), (0,550), (0,551), (0,552), (2,552), (0,553), (2,553), (0,554), (2,554), (0,555), (2,555), (0,556), (0,557), (0,558), (2,558), (0,559), (2,559), (0,560), (2,560), (0,561), (2,561), (0,562), (2,562), (0,563), (0,564), (2,564), (0,565), (2,565), (0,566), (2,566), (0,567), (0,568), (0,569), (2,569), (0,570), (0,571), (2,571), (0,572), (2,572), (0,573), (0,574), (0,575), (2,575), (0,576), (2,576), (0,577), (2,577), (0,578), (2,578), (0,579), (2,579), (0,580), (2,580), (0,581), (2,581), (0,582), (2,582), (0,583), (2,583), (0,584), (2,584), (0,585), (0,586), (0,587), (0,588), (2,588), (0,589), (2,589), (0,590), (0,591), (2,591), (0,592), (2,592), (0,593), (2,593), (0,594), (2,594), (0,595), (0,596), (2,596), (0,597), (2,597), (0,598), (2,598), (0,599), (2,599), (0,600), (2,600), (0,601), (2,601), (0,602), (2,602), (0,603), (2,603), (0,604), (2,604), (0,605), (2,605), (0,606), (0,607), (0,608), (2,608), (0,609), (0,610), (2,610), (0,611), (2,611), (0,612), (2,612), (0,613), (2,613), (0,614), (2,614), (0,615), (2,615), (0,616), (2,616), (0,617), (2,617), (0,618), (0,619), (0,620), (2,620), (0,621), (2,621), (0,622), (2,622), (0,623), (0,624), (2,624), (0,625), (2,625), (0,626), (2,626), (0,627), (2,627), (0,628), (2,628), (0,629), (0,630), (0,631), (2,631), (0,632), (2,632), (0,633), (2,633), (0,634), (2,634), (0,635), (2,635), (0,636), (2,636), (0,637), (2,637), (0,638), (2,638), (0,639), (0,640), (2,640), (0,641), (2,641), (0,642), (2,642), (0,643), (2,643), (0,644), (2,644), (0,645), (2,645), (0,646), (2,646), (0,647), (0,648), (2,648), (0,649), (2,649), (0,650), (2,650), (0,651), (2,651), (0,652), (2,652), (0,653), (2,653), (0,654), (2,654), (0,655), (2,655), (0,656), (0,657), (2,657), (0,658), (2,658), (0,659), (2,659), (0,660), (2,660), (0,661), (2,661), (0,662), (2,662), (0,663), (2,663), (0,664), (2,664), (0,665), (2,665), (0,666), (2,666), (0,667), (2,667), (0,668), (2,668), (0,669), (2,669), (0,670), (2,670), (0,671), (2,671), (0,672), (2,672), (0,673), (0,674), (0,675), (2,675), (0,676), (0,677), (0,678), (0,679), (2,679), (0,680), (2,680), (0,681), (2,681), (0,682), (2,682), (0,683), (2,683), (0,684), (0,685), (2,685), (0,686), (2,686), (0,687), (2,687), (0,688), (2,688), (0,689), (2,689), (0,690), (2,690), (0,691), (0,692), (2,692), (0,693), (2,693), (0,694), (2,694), (0,695), (2,695), (0,696), (2,696), (0,697), (2,697), (0,698), (2,698), (0,699), (2,699), (0,700), (2,700), (0,701), (2,701), (0,702), (2,702), (0,703), (2,703), (0,704), (2,704), (0,705), (2,705), (0,706), (0,707), (2,707), (0,708), (2,708), (0,709), (0,710), (0,711), (0,712), (2,712), (0,713), (0,714), (2,714), (0,715), (2,715), (0,716), (2,716), (0,717), (0,718), (0,719), (2,719), (0,720), (2,720), (0,721), (0,722), (0,723), (0,724), (2,724), (0,725), (2,725), (0,726), (2,726), (0,727), (2,727), (0,728), (0,729), (2,729), (0,730), (2,730), (0,731), (2,731), (0,732), (2,732), (0,733), (0,734), (2,734), (0,735), (2,735), (0,736), (2,736), (0,737), (2,737), (0,738), (2,738), (0,739), (2,739), (0,740), (2,740), (0,741), (2,741), (0,742), (2,742), (0,743), (2,743), (0,744), (0,745), (2,745), (0,746), (0,747), (2,747), (0,748), (2,748), (0,749), (2,749), (0,750), (2,750), (0,751), (2,751), (0,752), (2,752), (0,753), (0,754), (2,754), (0,755), (2,755), (0,756), (2,756), (0,757), (0,758), (2,758), (0,759), (2,759), (0,760), (2,760), (0,761), (2,761), (0,762), (2,762), (0,763), (2,763), (0,764), (2,764), (0,765), (2,765), (0,766), (0,767), (2,767), (0,768), (0,769), (0,770), (0,771), (2,771), (0,772), (2,772), (0,773), (0,774), (2,774), (0,775), (2,775), (0,776), (2,776), (0,777), (2,777), (0,778), (0,779), (2,779), (0,780), (2,780), (0,781), (2,781), (0,782), (2,782), (0,783), (2,783), (0,784), (2,784), (0,785), (2,785), (0,786), (2,786), (0,787), (2,787), (0,788), (2,788), (0,789), (2,789), (0,790), (2,790), (0,791), (0,792), (2,792), (0,793), (2,793), (0,794), (2,794), (0,795), (2,795), (0,796), (2,796), (0,797), (2,797), (0,798), (0,799), (0,800), (2,800), (0,801), (2,801), (0,802), (0,803), (2,803), (0,804), (0,805), (0,806), (2,806), (0,807), (0,808), (0,809), (2,809), (0,810), (2,810), (0,811), (2,811), (0,812), (2,812), (0,813), (2,813), (0,814), (2,814), (0,815), (0,816), (2,816), (0,817), (2,817), (0,818), (2,818), (0,819), (2,819), (0,820), (2,820), (0,821), (2,821), (0,822), (2,822), (0,823), (0,824), (0,825), (2,825), (0,826), (2,826), (0,827), (0,828), (2,828), (0,829), (2,829), (0,830), (2,830), (0,831), (2,831), (0,832), (2,832), (0,833), (2,833), (0,834), (2,834), (0,835), (0,836), (2,836), (0,837), (2,837), (0,838), (2,838), (0,839), (2,839), (0,840), (0,841), (2,841), (0,842), (2,842), (0,843), (0,844), (2,844), (0,845), (0,846), (2,846), (0,847), (2,847), (0,848), (2,848), (0,849), (2,849), (0,850), (0,851), (2,851), (0,852), (0,853), (2,853), (0,854), (2,854), (0,855), (0,856), (2,856), (0,857), (0,858), (2,858), (0,859), (2,859), (0,860), (2,860), (0,861), (2,861), (0,862), (2,862), (0,863), (2,863), (0,864), (2,864), (0,865), (2,865), (0,866), (2,866), (0,867), (2,867), (0,868), (2,868), (0,869), (0,870), (2,870), (0,871), (0,872), (2,872), (0,873), (2,873), (0,874), (2,874), (0,875), (2,875), (0,876), (0,877), (0,878), (2,878), (0,879), (2,879), (0,880), (0,881), (2,881), (0,882), (0,883), (0,884), (2,884), (0,885), (2,885), (0,886), (0,887), (2,887), (0,888), (2,888), (0,889), (0,890), (2,890), (0,891), (2,891), (0,892), (2,892), (0,893), (0,894), (0,895), (2,895), (0,896), (2,896), (0,897), (0,898), (2,898), (0,899), (2,899), (0,900), (2,900), (0,901), (0,902), (2,902), (0,903), (2,903), (0,904), (2,904), (0,905), (0,906), (2,906), (0,907), (2,907), (0,908), (2,908), (0,909), (2,909), (0,910), (2,910), (0,911), (2,911), (0,912), (0,913), (0,914), (2,914), (0,915), (0,916), (2,916), (0,917), (2,917), (0,918), (2,918), (0,919), (2,919), (0,920), (2,920), (0,921), (0,922), (2,922), (0,923), (0,924), (2,924), (0,925), (2,925), (0,926), (0,927), (0,928), (2,928), (0,929), (2,929), (0,930), (0,931), (2,931), (0,932), (2,932), (0,933), (2,933), (0,934), (0,935), (2,935), (0,936), (0,937), (2,937), (0,938), (2,938), (0,939), (2,939), (0,940), (2,940), (0,941), (2,941), (0,942), (2,942), (0,943), (2,943), (0,944), (2,944), (0,945), (2,945), (0,946), (2,946), (0,947), (2,947), (0,948), (2,948), (0,949), (2,949), (0,950), (0,951), (2,951), (0,952), (2,952), (0,953), (2,953), (0,954), (0,955), (2,955), (0,956), (2,956), (0,957), (2,957), (0,958), (2,958), (0,959), (2,959), (0,960), (0,961), (2,961), (0,962), (2,962), (0,963), (2,963), (0,964), (2,964), (0,965), (2,965), (0,966), (2,966), (0,967), (0,968), (2,968), (0,969), (2,969), (0,970), (0,971), (0,972), (2,972), (0,973), (2,973), (0,974), (0,975), (2,975), (0,976), (2,976), (0,977), (2,977), (0,978), (2,978), (0,979), (2,979), (0,980), (0,981), (2,981), (0,982), (2,982), (0,983), (2,983), (0,984), (2,984), (0,985), (0,986), (2,986), (0,987), (2,987), (0,988), (2,988), (0,989), (0,990), (2,990), (0,991), (2,991), (0,992), (2,992), (0,993), (2,993), (0,994), (2,994), (0,995), (2,995), (0,996), (2,996), (0,997), (0,998), (2,998), (0,999), (2,999), (0,1000), (2,1000);


ALTER TABLE PUBLIC.USER_INFORMATION_ROLES DROP CONSTRAINT FKT140WFQK89SM888A90CY73LGA;
ALTER TABLE PUBLIC.USER_INFORMATION_ROLES ADD CONSTRAINT FKT140WFQK89SM888A90CY73LGA FOREIGN KEY (USER_INFORMATION_ID) REFERENCES USER_INFORMATION (ID) ON DELETE CASCADE;

ALTER TABLE PUBLIC.USERS DROP CONSTRAINT FKA0X3HQO3K1895LK412MWOPNO2;
ALTER TABLE PUBLIC.USERS ADD CONSTRAINT FKA0X3HQO3K1895LK412MWOPNO2 FOREIGN KEY (GROUPS_ID) REFERENCES GROUPS (ID) ON DELETE SET NULL;

ALTER TABLE PUBLIC.FACULTIES DROP CONSTRAINT FKNI6I0BQ8B6525W806EO593N7E;
ALTER TABLE PUBLIC.FACULTIES ADD CONSTRAINT FKNI6I0BQ8B6525W806EO593N7E FOREIGN KEY (UNIVERSITIES_ID) REFERENCES UNIVERSITIES (ID) ON DELETE CASCADE;

ALTER TABLE PUBLIC.GROUPS DROP CONSTRAINT FKIP0OV3LLFM2NXXIUE5RT0VTN2;
ALTER TABLE PUBLIC.GROUPS ADD CONSTRAINT FKIP0OV3LLFM2NXXIUE5RT0VTN2 FOREIGN KEY (FACULTIES_ID) REFERENCES FACULTIES (ID) ON DELETE CASCADE;

ALTER TABLE PUBLIC.GROUPS_SUBJECTS DROP CONSTRAINT FKOJXXFM09OSDV6J9JDB59FLSA1;
ALTER TABLE PUBLIC.GROUPS_SUBJECTS ADD CONSTRAINT FKOJXXFM09OSDV6J9JDB59FLSA1 FOREIGN KEY (GROUPS_ID) REFERENCES GROUPS (ID) ON DELETE CASCADE;

ALTER TABLE PUBLIC.USERS_SUBJECTS DROP CONSTRAINT FKMSLW7WMND17MFAL87LTS6H68D;
ALTER TABLE PUBLIC.USERS_SUBJECTS ADD CONSTRAINT FKMSLW7WMND17MFAL87LTS6H68D FOREIGN KEY (USERS_ID) REFERENCES USERS (ID) ON DELETE CASCADE;
ALTER TABLE PUBLIC.USERS_SUBJECTS DROP CONSTRAINT FK7BWCD3WPFHA2R4KK5K2MO8J55; ALTER TABLE PUBLIC.USERS_SUBJECTS ADD CONSTRAINT FK7BWCD3WPFHA2R4KK5K2MO8J55 FOREIGN KEY (SUBJECTS_ID) REFERENCES SUBJECTS (ID) ON DELETE CASCADE;

